2025-10-22 09:08:04,547 INFO NESI.WebAPI.Initialization.Global - Application started in Default
2025-10-22 09:08:04,556 INFO NESI.WebAPI.Initialization.Global - DEBUG symbol NOT defined for this environment
2025-10-22 09:08:04,938 INFO core.XpoUtility - Processing XPA assemblies
2025-10-22 09:08:04,990 DEBUG core.XpoUtility - Adding XPO type information for accounting_period
2025-10-22 09:08:05,015 DEBUG core.XpoUtility - Adding XPO type information for active_memberoffer
2025-10-22 09:08:05,015 DEBUG core.XpoUtility - Adding XPO type information for address
2025-10-22 09:08:05,018 DEBUG core.XpoUtility - Adding XPO type information for address_netsuite_map
2025-10-22 09:08:05,018 DEBUG core.XpoUtility - Adding XPO type information for adp_canada_codes
2025-10-22 09:08:05,018 DEBUG core.XpoUtility - Adding XPO type information for allowed_bu_on_wo
2025-10-22 09:08:05,018 DEBUG core.XpoUtility - Adding XPO type information for applicants
2025-10-22 09:08:05,018 DEBUG core.XpoUtility - Adding XPO type information for appointments
2025-10-22 09:08:05,018 DEBUG core.XpoUtility - Adding XPO type information for appointment_resource_member_hide_link
2025-10-22 09:08:05,018 DEBUG core.XpoUtility - Adding XPO type information for appointment_resource_member_link
2025-10-22 09:08:05,019 DEBUG core.XpoUtility - Adding XPO type information for appointment_status
2025-10-22 09:08:05,019 DEBUG core.XpoUtility - Adding XPO type information for apstatus
2025-10-22 09:08:05,019 DEBUG core.XpoUtility - Adding XPO type information for area_codes
2025-10-22 09:08:05,019 DEBUG core.XpoUtility - Adding XPO type information for ar_notes
2025-10-22 09:08:05,019 DEBUG core.XpoUtility - Adding XPO type information for assets
2025-10-22 09:08:05,019 DEBUG core.XpoUtility - Adding XPO type information for assets_history
2025-10-22 09:08:05,020 DEBUG core.XpoUtility - Adding XPO type information for assets_type
2025-10-22 09:08:05,020 DEBUG core.XpoUtility - Adding XPO type information for asset_customer_rate
2025-10-22 09:08:05,020 DEBUG core.XpoUtility - Adding XPO type information for asset_history_action
2025-10-22 09:08:05,020 DEBUG core.XpoUtility - Adding XPO type information for asset_status
2025-10-22 09:08:05,020 DEBUG core.XpoUtility - Adding XPO type information for auditgroup
2025-10-22 09:08:05,020 DEBUG core.XpoUtility - Adding XPO type information for audithistory_details
2025-10-22 09:08:05,020 DEBUG core.XpoUtility - Adding XPO type information for audithistory_header
2025-10-22 09:08:05,020 DEBUG core.XpoUtility - Adding XPO type information for audititem
2025-10-22 09:08:05,020 DEBUG core.XpoUtility - Adding XPO type information for audititem_group
2025-10-22 09:08:05,020 DEBUG core.XpoUtility - Adding XPO type information for audititem_ratingdesc
2025-10-22 09:08:05,020 DEBUG core.XpoUtility - Adding XPO type information for audititem_type
2025-10-22 09:08:05,020 DEBUG core.XpoUtility - Adding XPO type information for audit_group
2025-10-22 09:08:05,020 DEBUG core.XpoUtility - Adding XPO type information for audit_item
2025-10-22 09:08:05,020 DEBUG core.XpoUtility - Adding XPO type information for audit_type
2025-10-22 09:08:05,020 DEBUG core.XpoUtility - Adding XPO type information for audit_typegroup_link
2025-10-22 09:08:05,020 DEBUG core.XpoUtility - Adding XPO type information for auto_reports
2025-10-22 09:08:05,021 DEBUG core.XpoUtility - Adding XPO type information for auto_reports_schedule
2025-10-22 09:08:05,021 DEBUG core.XpoUtility - Adding XPO type information for auto_report_history
2025-10-22 09:08:05,021 DEBUG core.XpoUtility - Adding XPO type information for bankedpay_ledger
2025-10-22 09:08:05,021 DEBUG core.XpoUtility - Adding XPO type information for bankedpay_ledger_type
2025-10-22 09:08:05,021 DEBUG core.XpoUtility - Adding XPO type information for barcode_prefix
2025-10-22 09:08:05,021 DEBUG core.XpoUtility - Adding XPO type information for benefit_details
2025-10-22 09:08:05,021 DEBUG core.XpoUtility - Adding XPO type information for bingo_data
2025-10-22 09:08:05,021 DEBUG core.XpoUtility - Adding XPO type information for bingo_queries
2025-10-22 09:08:05,021 DEBUG core.XpoUtility - Adding XPO type information for bonus_membertype_link
2025-10-22 09:08:05,021 DEBUG core.XpoUtility - Adding XPO type information for bonus_type
2025-10-22 09:08:05,021 DEBUG core.XpoUtility - Adding XPO type information for breaktime
2025-10-22 09:08:05,021 DEBUG core.XpoUtility - Adding XPO type information for business
2025-10-22 09:08:05,021 DEBUG core.XpoUtility - Adding XPO type information for business_unit
2025-10-22 09:08:05,024 DEBUG core.XpoUtility - Adding XPO type information for business_unit_comp_div
2025-10-22 09:08:05,024 DEBUG core.XpoUtility - Adding XPO type information for business_unit_hiearchy
2025-10-22 09:08:05,024 DEBUG core.XpoUtility - Adding XPO type information for business_unit_po_dist
2025-10-22 09:08:05,024 DEBUG core.XpoUtility - Adding XPO type information for bu_paytype_link
2025-10-22 09:08:05,024 DEBUG core.XpoUtility - Adding XPO type information for cap_training_schedule
2025-10-22 09:08:05,024 DEBUG core.XpoUtility - Adding XPO type information for cellphone
2025-10-22 09:08:05,025 DEBUG core.XpoUtility - Adding XPO type information for cellphone_app_device
2025-10-22 09:08:05,025 DEBUG core.XpoUtility - Adding XPO type information for cellphone_app_imei
2025-10-22 09:08:05,025 DEBUG core.XpoUtility - Adding XPO type information for cellphone_app_sim
2025-10-22 09:08:05,025 DEBUG core.XpoUtility - Adding XPO type information for cellphone_carrier
2025-10-22 09:08:05,025 DEBUG core.XpoUtility - Adding XPO type information for cellphone_gps
2025-10-22 09:08:05,025 DEBUG core.XpoUtility - Adding XPO type information for cellphone_history
2025-10-22 09:08:05,025 DEBUG core.XpoUtility - Adding XPO type information for cellphone_number
2025-10-22 09:08:05,025 DEBUG core.XpoUtility - Adding XPO type information for cellphone_number_history
2025-10-22 09:08:05,025 DEBUG core.XpoUtility - Adding XPO type information for cellphone_status
2025-10-22 09:08:05,025 DEBUG core.XpoUtility - Adding XPO type information for certificates
2025-10-22 09:08:05,025 DEBUG core.XpoUtility - Adding XPO type information for certificates_credential_link
2025-10-22 09:08:05,025 DEBUG core.XpoUtility - Adding XPO type information for certificate_history
2025-10-22 09:08:05,026 DEBUG core.XpoUtility - Adding XPO type information for certificate_skill_link
2025-10-22 09:08:05,026 DEBUG core.XpoUtility - Adding XPO type information for certificate_training_link
2025-10-22 09:08:05,026 DEBUG core.XpoUtility - Adding XPO type information for chargeout
2025-10-22 09:08:05,026 DEBUG core.XpoUtility - Adding XPO type information for collection_history
2025-10-22 09:08:05,026 DEBUG core.XpoUtility - Adding XPO type information for contact
2025-10-22 09:08:05,026 DEBUG core.XpoUtility - Adding XPO type information for contactpage
2025-10-22 09:08:05,026 DEBUG core.XpoUtility - Adding XPO type information for contactpageprivilege
2025-10-22 09:08:05,026 DEBUG core.XpoUtility - Adding XPO type information for contact_history
2025-10-22 09:08:05,026 DEBUG core.XpoUtility - Adding XPO type information for contact_netsuite_map
2025-10-22 09:08:05,026 DEBUG core.XpoUtility - Adding XPO type information for conversion_map
2025-10-22 09:08:05,027 DEBUG core.XpoUtility - Adding XPO type information for conversion_unit
2025-10-22 09:08:05,027 DEBUG core.XpoUtility - Adding XPO type information for core_responsibilities
2025-10-22 09:08:05,027 DEBUG core.XpoUtility - Adding XPO type information for core_responsibilities_privilege
2025-10-22 09:08:05,027 DEBUG core.XpoUtility - Adding XPO type information for country
2025-10-22 09:08:05,027 DEBUG core.XpoUtility - Adding XPO type information for credit_cards
2025-10-22 09:08:05,027 DEBUG core.XpoUtility - Adding XPO type information for credit_card_purchase
2025-10-22 09:08:05,028 DEBUG core.XpoUtility - Adding XPO type information for credit_card_purchase_netsuite_xref
2025-10-22 09:08:05,028 DEBUG core.XpoUtility - Adding XPO type information for cr_certificates
2025-10-22 09:08:05,028 DEBUG core.XpoUtility - Adding XPO type information for cr_group
2025-10-22 09:08:05,028 DEBUG core.XpoUtility - Adding XPO type information for cr_qualifications
2025-10-22 09:08:05,028 DEBUG core.XpoUtility - Adding XPO type information for cr_review
2025-10-22 09:08:05,028 DEBUG core.XpoUtility - Adding XPO type information for cr_skills_link
2025-10-22 09:08:05,028 DEBUG core.XpoUtility - Adding XPO type information for cr_skills_priority
2025-10-22 09:08:05,028 DEBUG core.XpoUtility - Adding XPO type information for currency
2025-10-22 09:08:05,028 DEBUG core.XpoUtility - Adding XPO type information for currency_history
2025-10-22 09:08:05,028 DEBUG core.XpoUtility - Adding XPO type information for customer
2025-10-22 09:08:05,029 DEBUG core.XpoUtility - Adding XPO type information for customer_asset
2025-10-22 09:08:05,029 DEBUG core.XpoUtility - Adding XPO type information for customer_asset_history
2025-10-22 09:08:05,030 DEBUG core.XpoUtility - Adding XPO type information for customer_business_unit
2025-10-22 09:08:05,030 DEBUG core.XpoUtility - Adding XPO type information for customer_collection_status
2025-10-22 09:08:05,030 DEBUG core.XpoUtility - Adding XPO type information for customer_company
2025-10-22 09:08:05,030 DEBUG core.XpoUtility - Adding XPO type information for customer_default_invoice_types
2025-10-22 09:08:05,030 DEBUG core.XpoUtility - Adding XPO type information for customer_history
2025-10-22 09:08:05,030 DEBUG core.XpoUtility - Adding XPO type information for customer_internal_link
2025-10-22 09:08:05,030 DEBUG core.XpoUtility - Adding XPO type information for customer_netsuite_map
2025-10-22 09:08:05,030 DEBUG core.XpoUtility - Adding XPO type information for customer_origin
2025-10-22 09:08:05,030 DEBUG core.XpoUtility - Adding XPO type information for customer_or_contact_status
2025-10-22 09:08:05,030 DEBUG core.XpoUtility - Adding XPO type information for customer_rate
2025-10-22 09:08:05,030 DEBUG core.XpoUtility - Adding XPO type information for customer_sales_properties
2025-10-22 09:08:05,031 DEBUG core.XpoUtility - Adding XPO type information for customer_ticketheader
2025-10-22 09:08:05,031 DEBUG core.XpoUtility - Adding XPO type information for customer_ticketissues
2025-10-22 09:08:05,031 DEBUG core.XpoUtility - Adding XPO type information for customer_ticketmanager
2025-10-22 09:08:05,031 DEBUG core.XpoUtility - Adding XPO type information for customer_ticketpage
2025-10-22 09:08:05,031 DEBUG core.XpoUtility - Adding XPO type information for customer_ticketpriority
2025-10-22 09:08:05,031 DEBUG core.XpoUtility - Adding XPO type information for customer_ticketstatus
2025-10-22 09:08:05,031 DEBUG core.XpoUtility - Adding XPO type information for customer_tickettype
2025-10-22 09:08:05,031 DEBUG core.XpoUtility - Adding XPO type information for cust_vend_requests
2025-10-22 09:08:05,031 DEBUG core.XpoUtility - Adding XPO type information for daily_finance
2025-10-22 09:08:05,031 DEBUG core.XpoUtility - Adding XPO type information for dashboard
2025-10-22 09:08:05,032 DEBUG core.XpoUtility - Adding XPO type information for dashboardtmp
2025-10-22 09:08:05,032 DEBUG core.XpoUtility - Adding XPO type information for dashboard_header
2025-10-22 09:08:05,032 DEBUG core.XpoUtility - Adding XPO type information for dashboard_snapshot_daily
2025-10-22 09:08:05,032 DEBUG core.XpoUtility - Adding XPO type information for dashboard_snapshot_hist
2025-10-22 09:08:05,032 DEBUG core.XpoUtility - Adding XPO type information for dashboard_thresholds
2025-10-22 09:08:05,032 DEBUG core.XpoUtility - Adding XPO type information for days_off_canned_reasons
2025-10-22 09:08:05,032 DEBUG core.XpoUtility - Adding XPO type information for digitalsignage
2025-10-22 09:08:05,032 DEBUG core.XpoUtility - Adding XPO type information for distribution_group
2025-10-22 09:08:05,032 DEBUG core.XpoUtility - Adding XPO type information for distribution_group_link
2025-10-22 09:08:05,032 DEBUG core.XpoUtility - Adding XPO type information for download
2025-10-22 09:08:05,032 DEBUG core.XpoUtility - Adding XPO type information for downloadcat
2025-10-22 09:08:05,032 DEBUG core.XpoUtility - Adding XPO type information for edit_type
2025-10-22 09:08:05,032 DEBUG core.XpoUtility - Adding XPO type information for emaillog
2025-10-22 09:08:05,033 DEBUG core.XpoUtility - Adding XPO type information for emp_review
2025-10-22 09:08:05,033 DEBUG core.XpoUtility - Adding XPO type information for emp_review_group
2025-10-22 09:08:05,033 DEBUG core.XpoUtility - Adding XPO type information for emp_review_history
2025-10-22 09:08:05,033 DEBUG core.XpoUtility - Adding XPO type information for emp_review_items
2025-10-22 09:08:05,033 DEBUG core.XpoUtility - Adding XPO type information for emp_trm
2025-10-22 09:08:05,033 DEBUG core.XpoUtility - Adding XPO type information for emp_trm_chklist_lnk
2025-10-22 09:08:05,033 DEBUG core.XpoUtility - Adding XPO type information for emp_trm_chklist_opt
2025-10-22 09:08:05,033 DEBUG core.XpoUtility - Adding XPO type information for eritem
2025-10-22 09:08:05,033 DEBUG core.XpoUtility - Adding XPO type information for erjob
2025-10-22 09:08:05,033 DEBUG core.XpoUtility - Adding XPO type information for error
2025-10-22 09:08:05,033 DEBUG core.XpoUtility - Adding XPO type information for error_log
2025-10-22 09:08:05,034 DEBUG core.XpoUtility - Adding XPO type information for er_branch_data
2025-10-22 09:08:05,034 DEBUG core.XpoUtility - Adding XPO type information for er_vendor_data
2025-10-22 09:08:05,034 DEBUG core.XpoUtility - Adding XPO type information for event_table
2025-10-22 09:08:05,034 DEBUG core.XpoUtility - Adding XPO type information for expense_category
2025-10-22 09:08:05,034 DEBUG core.XpoUtility - Adding XPO type information for expense_category_business_unit
2025-10-22 09:08:05,034 DEBUG core.XpoUtility - Adding XPO type information for expense_reimbursement
2025-10-22 09:08:05,034 DEBUG core.XpoUtility - Adding XPO type information for expense_reimbursement_netsuite_xref
2025-10-22 09:08:05,034 DEBUG core.XpoUtility - Adding XPO type information for expense_seller
2025-10-22 09:08:05,034 DEBUG core.XpoUtility - Adding XPO type information for ext_website_credentials
2025-10-22 09:08:05,034 DEBUG core.XpoUtility - Adding XPO type information for failed_login
2025-10-22 09:08:05,035 DEBUG core.XpoUtility - Adding XPO type information for faq
2025-10-22 09:08:05,035 DEBUG core.XpoUtility - Adding XPO type information for faq_section
2025-10-22 09:08:05,035 DEBUG core.XpoUtility - Adding XPO type information for fytarget
2025-10-22 09:08:05,035 DEBUG core.XpoUtility - Adding XPO type information for fytarget_employees
2025-10-22 09:08:05,035 DEBUG core.XpoUtility - Adding XPO type information for gantt_data
2025-10-22 09:08:05,035 DEBUG core.XpoUtility - Adding XPO type information for gltrans
2025-10-22 09:08:05,035 DEBUG core.XpoUtility - Adding XPO type information for gl_chart_of_accounts
2025-10-22 09:08:05,036 DEBUG core.XpoUtility - Adding XPO type information for gl_chart_of_accounts_staging
2025-10-22 09:08:05,037 DEBUG core.XpoUtility - Adding XPO type information for gl_control_accounts
2025-10-22 09:08:05,037 DEBUG core.XpoUtility - Adding XPO type information for gl_group_te
2025-10-22 09:08:05,037 DEBUG core.XpoUtility - Adding XPO type information for gl_note_te
2025-10-22 09:08:05,037 DEBUG core.XpoUtility - Adding XPO type information for gl_special_accounts
2025-10-22 09:08:05,037 DEBUG core.XpoUtility - Adding XPO type information for gl_special_account_te_link
2025-10-22 09:08:05,037 DEBUG core.XpoUtility - Adding XPO type information for gl_subgroup_te
2025-10-22 09:08:05,037 DEBUG core.XpoUtility - Adding XPO type information for gl_te
2025-10-22 09:08:05,037 DEBUG core.XpoUtility - Adding XPO type information for gl_type_mapping
2025-10-22 09:08:05,038 DEBUG core.XpoUtility - Adding XPO type information for graph
2025-10-22 09:08:05,038 DEBUG core.XpoUtility - Adding XPO type information for gridviewlayouts
2025-10-22 09:08:05,038 DEBUG core.XpoUtility - Adding XPO type information for historycust
2025-10-22 09:08:05,038 DEBUG core.XpoUtility - Adding XPO type information for historypo
2025-10-22 09:08:05,038 DEBUG core.XpoUtility - Adding XPO type information for history_action_type
2025-10-22 09:08:05,038 DEBUG core.XpoUtility - Adding XPO type information for holidays
2025-10-22 09:08:05,038 DEBUG core.XpoUtility - Adding XPO type information for huddle
2025-10-22 09:08:05,038 DEBUG core.XpoUtility - Adding XPO type information for huddle_source
2025-10-22 09:08:05,038 DEBUG core.XpoUtility - Adding XPO type information for huddle_task
2025-10-22 09:08:05,039 DEBUG core.XpoUtility - Adding XPO type information for huddle_task_comments
2025-10-22 09:08:05,039 DEBUG core.XpoUtility - Adding XPO type information for huddle_user
2025-10-22 09:08:05,039 DEBUG core.XpoUtility - Adding XPO type information for hu_snapshot
2025-10-22 09:08:05,039 DEBUG core.XpoUtility - Adding XPO type information for inc_stmt_note
2025-10-22 09:08:05,039 DEBUG core.XpoUtility - Adding XPO type information for internal_companyno
2025-10-22 09:08:05,039 DEBUG core.XpoUtility - Adding XPO type information for internal_project
2025-10-22 09:08:05,039 DEBUG core.XpoUtility - Adding XPO type information for invattribute
2025-10-22 09:08:05,039 DEBUG core.XpoUtility - Adding XPO type information for inventory_alternate
2025-10-22 09:08:05,039 DEBUG core.XpoUtility - Adding XPO type information for inventory_annual_counts
2025-10-22 09:08:05,039 DEBUG core.XpoUtility - Adding XPO type information for inventory_annual_counts_history
2025-10-22 09:08:05,039 DEBUG core.XpoUtility - Adding XPO type information for inventory_annual_count_header
2025-10-22 09:08:05,040 DEBUG core.XpoUtility - Adding XPO type information for inventory_attribute
2025-10-22 09:08:05,040 DEBUG core.XpoUtility - Adding XPO type information for inventory_attribute_value
2025-10-22 09:08:05,040 DEBUG core.XpoUtility - Adding XPO type information for inventory_audit
2025-10-22 09:08:05,040 DEBUG core.XpoUtility - Adding XPO type information for inventory_barcode
2025-10-22 09:08:05,040 DEBUG core.XpoUtility - Adding XPO type information for inventory_branch
2025-10-22 09:08:05,040 DEBUG core.XpoUtility - Adding XPO type information for inventory_branch_options
2025-10-22 09:08:05,040 DEBUG core.XpoUtility - Adding XPO type information for inventory_consignment
2025-10-22 09:08:05,040 DEBUG core.XpoUtility - Adding XPO type information for inventory_cost
2025-10-22 09:08:05,040 DEBUG core.XpoUtility - Adding XPO type information for inventory_description
2025-10-22 09:08:05,041 DEBUG core.XpoUtility - Adding XPO type information for inventory_dollar_balance_daily
2025-10-22 09:08:05,041 DEBUG core.XpoUtility - Adding XPO type information for inventory_expiry_period
2025-10-22 09:08:05,041 DEBUG core.XpoUtility - Adding XPO type information for inventory_group_dtl
2025-10-22 09:08:05,041 DEBUG core.XpoUtility - Adding XPO type information for inventory_group_hdr
2025-10-22 09:08:05,041 DEBUG core.XpoUtility - Adding XPO type information for inventory_history
2025-10-22 09:08:05,041 DEBUG core.XpoUtility - Adding XPO type information for inventory_import_stage
2025-10-22 09:08:05,041 DEBUG core.XpoUtility - Adding XPO type information for inventory_incorrect_levels
2025-10-22 09:08:05,041 DEBUG core.XpoUtility - Adding XPO type information for inventory_item_detail
2025-10-22 09:08:05,041 DEBUG core.XpoUtility - Adding XPO type information for inventory_item_master
2025-10-22 09:08:05,041 DEBUG core.XpoUtility - Adding XPO type information for inventory_kit_dtl
2025-10-22 09:08:05,041 DEBUG core.XpoUtility - Adding XPO type information for inventory_kit_hdr
2025-10-22 09:08:05,041 DEBUG core.XpoUtility - Adding XPO type information for inventory_location
2025-10-22 09:08:05,041 DEBUG core.XpoUtility - Adding XPO type information for inventory_location_master
2025-10-22 09:08:05,042 DEBUG core.XpoUtility - Adding XPO type information for inventory_location_type
2025-10-22 09:08:05,042 DEBUG core.XpoUtility - Adding XPO type information for inventory_note
2025-10-22 09:08:05,042 DEBUG core.XpoUtility - Adding XPO type information for inventory_per_unit
2025-10-22 09:08:05,042 DEBUG core.XpoUtility - Adding XPO type information for inventory_picture
2025-10-22 09:08:05,042 DEBUG core.XpoUtility - Adding XPO type information for inventory_price
2025-10-22 09:08:05,042 DEBUG core.XpoUtility - Adding XPO type information for inventory_price_history
2025-10-22 09:08:05,042 DEBUG core.XpoUtility - Adding XPO type information for inventory_reference
2025-10-22 09:08:05,042 DEBUG core.XpoUtility - Adding XPO type information for inventory_referencetype
2025-10-22 09:08:05,042 DEBUG core.XpoUtility - Adding XPO type information for inventory_sellprice
2025-10-22 09:08:05,042 DEBUG core.XpoUtility - Adding XPO type information for inventory_sellprice_history
2025-10-22 09:08:05,042 DEBUG core.XpoUtility - Adding XPO type information for inventory_sold_as
2025-10-22 09:08:05,042 DEBUG core.XpoUtility - Adding XPO type information for inventory_tag
2025-10-22 09:08:05,044 DEBUG core.XpoUtility - Adding XPO type information for inventory_tag_link
2025-10-22 09:08:05,044 DEBUG core.XpoUtility - Adding XPO type information for inventory_tag_preset
2025-10-22 09:08:05,044 DEBUG core.XpoUtility - Adding XPO type information for inventory_tag_tradename
2025-10-22 09:08:05,044 DEBUG core.XpoUtility - Adding XPO type information for inventory_tax
2025-10-22 09:08:05,044 DEBUG core.XpoUtility - Adding XPO type information for inventory_usage
2025-10-22 09:08:05,045 DEBUG core.XpoUtility - Adding XPO type information for inventory_usage_copy
2025-10-22 09:08:05,045 DEBUG core.XpoUtility - Adding XPO type information for invoice_collection_status
2025-10-22 09:08:05,045 DEBUG core.XpoUtility - Adding XPO type information for invoice_service_email_report_history
2025-10-22 09:08:05,045 DEBUG core.XpoUtility - Adding XPO type information for journal_entry
2025-10-22 09:08:05,045 DEBUG core.XpoUtility - Adding XPO type information for journal_entry_line
2025-10-22 09:08:05,045 DEBUG core.XpoUtility - Adding XPO type information for leavetype
2025-10-22 09:08:05,045 DEBUG core.XpoUtility - Adding XPO type information for log
2025-10-22 09:08:05,045 DEBUG core.XpoUtility - Adding XPO type information for logging_agent_error_log
2025-10-22 09:08:05,046 DEBUG core.XpoUtility - Adding XPO type information for log_action
2025-10-22 09:08:05,046 DEBUG core.XpoUtility - Adding XPO type information for log_page
2025-10-22 09:08:05,046 DEBUG core.XpoUtility - Adding XPO type information for log_page_asax
2025-10-22 09:08:05,046 DEBUG core.XpoUtility - Adding XPO type information for log_section
2025-10-22 09:08:05,046 DEBUG core.XpoUtility - Adding XPO type information for manufacturer
2025-10-22 09:08:05,046 DEBUG core.XpoUtility - Adding XPO type information for manufacturervendor
2025-10-22 09:08:05,046 DEBUG core.XpoUtility - Adding XPO type information for markup_formula
2025-10-22 09:08:05,046 DEBUG core.XpoUtility - Adding XPO type information for master_skills
2025-10-22 09:08:05,046 DEBUG core.XpoUtility - Adding XPO type information for master_skill_review_questions
2025-10-22 09:08:05,047 DEBUG core.XpoUtility - Adding XPO type information for matt
2025-10-22 09:08:05,047 DEBUG core.XpoUtility - Adding XPO type information for member
2025-10-22 09:08:05,049 DEBUG core.XpoUtility - Adding XPO type information for memberaddressaudit
2025-10-22 09:08:05,049 DEBUG core.XpoUtility - Adding XPO type information for memberdaysoff
2025-10-22 09:08:05,049 DEBUG core.XpoUtility - Adding XPO type information for memberdaysoffack
2025-10-22 09:08:05,049 DEBUG core.XpoUtility - Adding XPO type information for memberdivision
2025-10-22 09:08:05,050 DEBUG core.XpoUtility - Adding XPO type information for membergraph
2025-10-22 09:08:05,050 DEBUG core.XpoUtility - Adding XPO type information for membernote
2025-10-22 09:08:05,050 DEBUG core.XpoUtility - Adding XPO type information for memberoffer_cr
2025-10-22 09:08:05,050 DEBUG core.XpoUtility - Adding XPO type information for memberoffer_milestones
2025-10-22 09:08:05,050 DEBUG core.XpoUtility - Adding XPO type information for memberpage
2025-10-22 09:08:05,050 DEBUG core.XpoUtility - Adding XPO type information for memberpageprivilege
2025-10-22 09:08:05,050 DEBUG core.XpoUtility - Adding XPO type information for membertime
2025-10-22 09:08:05,051 DEBUG core.XpoUtility - Adding XPO type information for membertimeaudit
2025-10-22 09:08:05,051 DEBUG core.XpoUtility - Adding XPO type information for membertime_netsuite_xref
2025-10-22 09:08:05,051 DEBUG core.XpoUtility - Adding XPO type information for membertime_projecttask
2025-10-22 09:08:05,051 DEBUG core.XpoUtility - Adding XPO type information for membertime_projecttask_netsuite_xref
2025-10-22 09:08:05,051 DEBUG core.XpoUtility - Adding XPO type information for membertime_shop_link
2025-10-22 09:08:05,051 DEBUG core.XpoUtility - Adding XPO type information for membertime_shop_type
2025-10-22 09:08:05,051 DEBUG core.XpoUtility - Adding XPO type information for membertime_tags
2025-10-22 09:08:05,051 DEBUG core.XpoUtility - Adding XPO type information for membertime_ts_lite_paytypes
2025-10-22 09:08:05,051 DEBUG core.XpoUtility - Adding XPO type information for membertime_type
2025-10-22 09:08:05,051 DEBUG core.XpoUtility - Adding XPO type information for membertime_type_gl_link
2025-10-22 09:08:05,052 DEBUG core.XpoUtility - Adding XPO type information for membertype
2025-10-22 09:08:05,052 DEBUG core.XpoUtility - Adding XPO type information for membertypehours
2025-10-22 09:08:05,052 DEBUG core.XpoUtility - Adding XPO type information for membertypepage
2025-10-22 09:08:05,052 DEBUG core.XpoUtility - Adding XPO type information for membertypepageprivilege
2025-10-22 09:08:05,052 DEBUG core.XpoUtility - Adding XPO type information for membertype_auto_reports
2025-10-22 09:08:05,052 DEBUG core.XpoUtility - Adding XPO type information for membertype_chargeout
2025-10-22 09:08:05,052 DEBUG core.XpoUtility - Adding XPO type information for membertype_chargeout_back
2025-10-22 09:08:05,052 DEBUG core.XpoUtility - Adding XPO type information for membertype_chargeout_history
2025-10-22 09:08:05,052 DEBUG core.XpoUtility - Adding XPO type information for membertype_classification
2025-10-22 09:08:05,052 DEBUG core.XpoUtility - Adding XPO type information for membertype_responsibilities
2025-10-22 09:08:05,052 DEBUG core.XpoUtility - Adding XPO type information for memberwage
2025-10-22 09:08:05,053 DEBUG core.XpoUtility - Adding XPO type information for memberx
2025-10-22 09:08:05,053 DEBUG core.XpoUtility - Adding XPO type information for member_apprentice_level
2025-10-22 09:08:05,053 DEBUG core.XpoUtility - Adding XPO type information for member_certificates
2025-10-22 09:08:05,054 DEBUG core.XpoUtility - Adding XPO type information for member_fvr_dtl
2025-10-22 09:08:05,054 DEBUG core.XpoUtility - Adding XPO type information for member_fvr_hdr
2025-10-22 09:08:05,054 DEBUG core.XpoUtility - Adding XPO type information for member_fvr_history
2025-10-22 09:08:05,054 DEBUG core.XpoUtility - Adding XPO type information for member_fvr_status
2025-10-22 09:08:05,054 DEBUG core.XpoUtility - Adding XPO type information for member_fvr_tab
2025-10-22 09:08:05,054 DEBUG core.XpoUtility - Adding XPO type information for member_fvr_template_detail
2025-10-22 09:08:05,054 DEBUG core.XpoUtility - Adding XPO type information for member_fvr_template_header
2025-10-22 09:08:05,054 DEBUG core.XpoUtility - Adding XPO type information for member_hrstatus
2025-10-22 09:08:05,054 DEBUG core.XpoUtility - Adding XPO type information for member_import_stage
2025-10-22 09:08:05,054 DEBUG core.XpoUtility - Adding XPO type information for member_i_template
2025-10-22 09:08:05,054 DEBUG core.XpoUtility - Adding XPO type information for member_netsuite_xref
2025-10-22 09:08:05,054 DEBUG core.XpoUtility - Adding XPO type information for member_offers
2025-10-22 09:08:05,055 DEBUG core.XpoUtility - Adding XPO type information for member_offers_prod
2025-10-22 09:08:05,055 DEBUG core.XpoUtility - Adding XPO type information for member_offers_uat
2025-10-22 09:08:05,055 DEBUG core.XpoUtility - Adding XPO type information for member_paytype
2025-10-22 09:08:05,055 DEBUG core.XpoUtility - Adding XPO type information for member_skills
2025-10-22 09:08:05,056 DEBUG core.XpoUtility - Adding XPO type information for member_task_cc
2025-10-22 09:08:05,056 DEBUG core.XpoUtility - Adding XPO type information for member_temp
2025-10-22 09:08:05,056 DEBUG core.XpoUtility - Adding XPO type information for member_tile
2025-10-22 09:08:05,056 DEBUG core.XpoUtility - Adding XPO type information for member_tile_type
2025-10-22 09:08:05,056 DEBUG core.XpoUtility - Adding XPO type information for member_tile_type_link
2025-10-22 09:08:05,056 DEBUG core.XpoUtility - Adding XPO type information for member_timesheet_accuracy
2025-10-22 09:08:05,056 DEBUG core.XpoUtility - Adding XPO type information for member_todo_list_helper
2025-10-22 09:08:05,056 DEBUG core.XpoUtility - Adding XPO type information for message
2025-10-22 09:08:05,056 DEBUG core.XpoUtility - Adding XPO type information for messageboard_chat
2025-10-22 09:08:05,056 DEBUG core.XpoUtility - Adding XPO type information for messageto
2025-10-22 09:08:05,056 DEBUG core.XpoUtility - Adding XPO type information for messagetype
2025-10-22 09:08:05,056 DEBUG core.XpoUtility - Adding XPO type information for migration_expense_category_for_po
2025-10-22 09:08:05,056 DEBUG core.XpoUtility - Adding XPO type information for n2_profile_category
2025-10-22 09:08:05,056 DEBUG core.XpoUtility - Adding XPO type information for n2_profile_property
2025-10-22 09:08:05,056 DEBUG core.XpoUtility - Adding XPO type information for n2_user_profile
2025-10-22 09:08:05,056 DEBUG core.XpoUtility - Adding XPO type information for nesi_conversion_table
2025-10-22 09:08:05,057 DEBUG core.XpoUtility - Adding XPO type information for netsuite_queue
2025-10-22 09:08:05,057 DEBUG core.XpoUtility - Adding XPO type information for netsuite_sync_error
2025-10-22 09:08:05,057 DEBUG core.XpoUtility - Adding XPO type information for new_milestone
2025-10-22 09:08:05,057 DEBUG core.XpoUtility - Adding XPO type information for ne_file_revision
2025-10-22 09:08:05,057 DEBUG core.XpoUtility - Adding XPO type information for ne_session
2025-10-22 09:08:05,057 DEBUG core.XpoUtility - Adding XPO type information for note_templates
2025-10-22 09:08:05,057 DEBUG core.XpoUtility - Adding XPO type information for oncall_schedule
2025-10-22 09:08:05,057 DEBUG core.XpoUtility - Adding XPO type information for ownership
2025-10-22 09:08:05,057 DEBUG core.XpoUtility - Adding XPO type information for page
2025-10-22 09:08:05,058 DEBUG core.XpoUtility - Adding XPO type information for pageprivilege
2025-10-22 09:08:05,058 DEBUG core.XpoUtility - Adding XPO type information for pageprivilege_template
2025-10-22 09:08:05,058 DEBUG core.XpoUtility - Adding XPO type information for pageprivilege_template_item
2025-10-22 09:08:05,058 DEBUG core.XpoUtility - Adding XPO type information for page_related
2025-10-22 09:08:05,058 DEBUG core.XpoUtility - Adding XPO type information for page_wiki
2025-10-22 09:08:05,058 DEBUG core.XpoUtility - Adding XPO type information for partner_skills
2025-10-22 09:08:05,058 DEBUG core.XpoUtility - Adding XPO type information for part_request
2025-10-22 09:08:05,058 DEBUG core.XpoUtility - Adding XPO type information for part_request_history
2025-10-22 09:08:05,058 DEBUG core.XpoUtility - Adding XPO type information for part_request_origin
2025-10-22 09:08:05,058 DEBUG core.XpoUtility - Adding XPO type information for part_request_statuslist
2025-10-22 09:08:05,058 DEBUG core.XpoUtility - Adding XPO type information for passport
2025-10-22 09:08:05,058 DEBUG core.XpoUtility - Adding XPO type information for payperiods
2025-10-22 09:08:05,059 DEBUG core.XpoUtility - Adding XPO type information for payperiod_tax_entity
2025-10-22 09:08:05,059 DEBUG core.XpoUtility - Adding XPO type information for payroll
2025-10-22 09:08:05,059 DEBUG core.XpoUtility - Adding XPO type information for payroll_entry_types
2025-10-22 09:08:05,059 DEBUG core.XpoUtility - Adding XPO type information for payroll_extra_payments
2025-10-22 09:08:05,059 DEBUG core.XpoUtility - Adding XPO type information for payroll_hours
2025-10-22 09:08:05,059 DEBUG core.XpoUtility - Adding XPO type information for payroll_progress
2025-10-22 09:08:05,059 DEBUG core.XpoUtility - Adding XPO type information for paytypehours
2025-10-22 09:08:05,059 DEBUG core.XpoUtility - Adding XPO type information for phone_log
2025-10-22 09:08:05,059 DEBUG core.XpoUtility - Adding XPO type information for phone_numbers
2025-10-22 09:08:05,059 DEBUG core.XpoUtility - Adding XPO type information for poprogcomment
2025-10-22 09:08:05,059 DEBUG core.XpoUtility - Adding XPO type information for poprogstatus
2025-10-22 09:08:05,059 DEBUG core.XpoUtility - Adding XPO type information for poprog_cc
2025-10-22 09:08:05,059 DEBUG core.XpoUtility - Adding XPO type information for poprog_header
2025-10-22 09:08:05,060 DEBUG core.XpoUtility - Adding XPO type information for poprog_notes
2025-10-22 09:08:05,060 DEBUG core.XpoUtility - Adding XPO type information for poprog_part_history
2025-10-22 09:08:05,060 DEBUG core.XpoUtility - Adding XPO type information for poprog_payment_method
2025-10-22 09:08:05,060 DEBUG core.XpoUtility - Adding XPO type information for poprog_scans
2025-10-22 09:08:05,061 DEBUG core.XpoUtility - Adding XPO type information for poprog_shipping
2025-10-22 09:08:05,061 DEBUG core.XpoUtility - Adding XPO type information for poprog_status
2025-10-22 09:08:05,061 DEBUG core.XpoUtility - Adding XPO type information for po_details_current
2025-10-22 09:08:05,061 DEBUG core.XpoUtility - Adding XPO type information for po_gl_acct
2025-10-22 09:08:05,061 DEBUG core.XpoUtility - Adding XPO type information for po_import_stage
2025-10-22 09:08:05,062 DEBUG core.XpoUtility - Adding XPO type information for po_line_import_stage
2025-10-22 09:08:05,062 DEBUG core.XpoUtility - Adding XPO type information for privilege
2025-10-22 09:08:05,062 DEBUG core.XpoUtility - Adding XPO type information for privilege_detail
2025-10-22 09:08:05,062 DEBUG core.XpoUtility - Adding XPO type information for privilege_global
2025-10-22 09:08:05,062 DEBUG core.XpoUtility - Adding XPO type information for privilege_global_link
2025-10-22 09:08:05,062 DEBUG core.XpoUtility - Adding XPO type information for privilege_global_link_type
2025-10-22 09:08:05,062 DEBUG core.XpoUtility - Adding XPO type information for progress_billings
2025-10-22 09:08:05,062 DEBUG core.XpoUtility - Adding XPO type information for properties
2025-10-22 09:08:05,062 DEBUG core.XpoUtility - Adding XPO type information for prov
2025-10-22 09:08:05,062 DEBUG core.XpoUtility - Adding XPO type information for qualifications
2025-10-22 09:08:05,062 DEBUG core.XpoUtility - Adding XPO type information for quick_extensions
2025-10-22 09:08:05,062 DEBUG core.XpoUtility - Adding XPO type information for quote_canned_description
2025-10-22 09:08:05,062 DEBUG core.XpoUtility - Adding XPO type information for quote_chance
2025-10-22 09:08:05,063 DEBUG core.XpoUtility - Adding XPO type information for quote_competitor
2025-10-22 09:08:05,063 DEBUG core.XpoUtility - Adding XPO type information for quote_cust_notes
2025-10-22 09:08:05,063 DEBUG core.XpoUtility - Adding XPO type information for quote_extratext
2025-10-22 09:08:05,063 DEBUG core.XpoUtility - Adding XPO type information for quote_field_title
2025-10-22 09:08:05,063 DEBUG core.XpoUtility - Adding XPO type information for quote_filter
2025-10-22 09:08:05,063 DEBUG core.XpoUtility - Adding XPO type information for quote_filter_questions
2025-10-22 09:08:05,063 DEBUG core.XpoUtility - Adding XPO type information for quote_follow_up
2025-10-22 09:08:05,063 DEBUG core.XpoUtility - Adding XPO type information for quote_history
2025-10-22 09:08:05,063 DEBUG core.XpoUtility - Adding XPO type information for quote_kill_reason
2025-10-22 09:08:05,063 DEBUG core.XpoUtility - Adding XPO type information for quote_kill_reason_map
2025-10-22 09:08:05,063 DEBUG core.XpoUtility - Adding XPO type information for quote_kill_tier
2025-10-22 09:08:05,063 DEBUG core.XpoUtility - Adding XPO type information for quote_master
2025-10-22 09:08:05,064 DEBUG core.XpoUtility - Adding XPO type information for quote_post_mortem
2025-10-22 09:08:05,064 DEBUG core.XpoUtility - Adding XPO type information for quote_post_mortem_questions
2025-10-22 09:08:05,064 DEBUG core.XpoUtility - Adding XPO type information for quote_pricetype
2025-10-22 09:08:05,064 DEBUG core.XpoUtility - Adding XPO type information for quote_process_questions
2025-10-22 09:08:05,064 DEBUG core.XpoUtility - Adding XPO type information for quote_process_question_history
2025-10-22 09:08:05,064 DEBUG core.XpoUtility - Adding XPO type information for quote_received_reason
2025-10-22 09:08:05,064 DEBUG core.XpoUtility - Adding XPO type information for quote_received_reason_map
2025-10-22 09:08:05,065 DEBUG core.XpoUtility - Adding XPO type information for quote_schedule
2025-10-22 09:08:05,065 DEBUG core.XpoUtility - Adding XPO type information for quote_section
2025-10-22 09:08:05,065 DEBUG core.XpoUtility - Adding XPO type information for quote_status
2025-10-22 09:08:05,065 DEBUG core.XpoUtility - Adding XPO type information for quote_term
2025-10-22 09:08:05,065 DEBUG core.XpoUtility - Adding XPO type information for quote_worksheet
2025-10-22 09:08:05,066 DEBUG core.XpoUtility - Adding XPO type information for quote_worksheet_current_cost
2025-10-22 09:08:05,066 DEBUG core.XpoUtility - Adding XPO type information for rd
2025-10-22 09:08:05,066 DEBUG core.XpoUtility - Adding XPO type information for releases
2025-10-22 09:08:05,066 DEBUG core.XpoUtility - Adding XPO type information for rental_equipment
2025-10-22 09:08:05,066 DEBUG core.XpoUtility - Adding XPO type information for rental_equipment_category
2025-10-22 09:08:05,066 DEBUG core.XpoUtility - Adding XPO type information for report
2025-10-22 09:08:05,066 DEBUG core.XpoUtility - Adding XPO type information for reports_to_helper
2025-10-22 09:08:05,066 DEBUG core.XpoUtility - Adding XPO type information for revenue_line
2025-10-22 09:08:05,066 DEBUG core.XpoUtility - Adding XPO type information for revenue_line_business_unit
2025-10-22 09:08:05,066 DEBUG core.XpoUtility - Adding XPO type information for rfq_header
2025-10-22 09:08:05,066 DEBUG core.XpoUtility - Adding XPO type information for rfq_lineitem
2025-10-22 09:08:05,066 DEBUG core.XpoUtility - Adding XPO type information for rfq_part_list
2025-10-22 09:08:05,066 DEBUG core.XpoUtility - Adding XPO type information for rfq_vendor_list
2025-10-22 09:08:05,067 DEBUG core.XpoUtility - Adding XPO type information for rss_feed
2025-10-22 09:08:05,067 DEBUG core.XpoUtility - Adding XPO type information for r_engine_category
2025-10-22 09:08:05,067 DEBUG core.XpoUtility - Adding XPO type information for r_engine_permission
2025-10-22 09:08:05,067 DEBUG core.XpoUtility - Adding XPO type information for r_engine_report
2025-10-22 09:08:05,067 DEBUG core.XpoUtility - Adding XPO type information for salesperson
2025-10-22 09:08:05,067 DEBUG core.XpoUtility - Adding XPO type information for section
2025-10-22 09:08:05,067 DEBUG core.XpoUtility - Adding XPO type information for session
2025-10-22 09:08:05,067 DEBUG core.XpoUtility - Adding XPO type information for session_collection
2025-10-22 09:08:05,067 DEBUG core.XpoUtility - Adding XPO type information for ship
2025-10-22 09:08:05,068 DEBUG core.XpoUtility - Adding XPO type information for shopping_cart
2025-10-22 09:08:05,068 DEBUG core.XpoUtility - Adding XPO type information for shopping_cart_header
2025-10-22 09:08:05,068 DEBUG core.XpoUtility - Adding XPO type information for signature
2025-10-22 09:08:05,068 DEBUG core.XpoUtility - Adding XPO type information for specific_notes
2025-10-22 09:08:05,068 DEBUG core.XpoUtility - Adding XPO type information for stbb_bymonth
2025-10-22 09:08:05,068 DEBUG core.XpoUtility - Adding XPO type information for stock_transfer
2025-10-22 09:08:05,068 DEBUG core.XpoUtility - Adding XPO type information for stock_transfer_type
2025-10-22 09:08:05,068 DEBUG core.XpoUtility - Adding XPO type information for suggestion
2025-10-22 09:08:05,068 DEBUG core.XpoUtility - Adding XPO type information for target
2025-10-22 09:08:05,068 DEBUG core.XpoUtility - Adding XPO type information for target_type
2025-10-22 09:08:05,069 DEBUG core.XpoUtility - Adding XPO type information for task
2025-10-22 09:08:05,069 DEBUG core.XpoUtility - Adding XPO type information for task_history
2025-10-22 09:08:05,069 DEBUG core.XpoUtility - Adding XPO type information for task_member
2025-10-22 09:08:05,069 DEBUG core.XpoUtility - Adding XPO type information for task_status
2025-10-22 09:08:05,069 DEBUG core.XpoUtility - Adding XPO type information for tax
2025-10-22 09:08:05,069 DEBUG core.XpoUtility - Adding XPO type information for tax_entity
2025-10-22 09:08:05,069 DEBUG core.XpoUtility - Adding XPO type information for tax_entity_group
2025-10-22 09:08:05,070 DEBUG core.XpoUtility - Adding XPO type information for tax_entity_group_link
2025-10-22 09:08:05,070 DEBUG core.XpoUtility - Adding XPO type information for tax_entity_hiearchy
2025-10-22 09:08:05,070 DEBUG core.XpoUtility - Adding XPO type information for tax_entity_hierarchy
2025-10-22 09:08:05,070 DEBUG core.XpoUtility - Adding XPO type information for term
2025-10-22 09:08:05,070 DEBUG core.XpoUtility - Adding XPO type information for territory_mapping
2025-10-22 09:08:05,070 DEBUG core.XpoUtility - Adding XPO type information for ticketheader
2025-10-22 09:08:05,070 DEBUG core.XpoUtility - Adding XPO type information for ticketissues
2025-10-22 09:08:05,070 DEBUG core.XpoUtility - Adding XPO type information for ticketmanager
2025-10-22 09:08:05,070 DEBUG core.XpoUtility - Adding XPO type information for ticketpage
2025-10-22 09:08:05,070 DEBUG core.XpoUtility - Adding XPO type information for ticketpriority
2025-10-22 09:08:05,070 DEBUG core.XpoUtility - Adding XPO type information for ticketstatus
2025-10-22 09:08:05,070 DEBUG core.XpoUtility - Adding XPO type information for tickettype
2025-10-22 09:08:05,071 DEBUG core.XpoUtility - Adding XPO type information for ticket_files
2025-10-22 09:08:05,071 DEBUG core.XpoUtility - Adding XPO type information for ticket_group
2025-10-22 09:08:05,071 DEBUG core.XpoUtility - Adding XPO type information for ticket_group_type_link
2025-10-22 09:08:05,071 DEBUG core.XpoUtility - Adding XPO type information for ticket_memberview
2025-10-22 09:08:05,071 DEBUG core.XpoUtility - Adding XPO type information for ticket_tasks
2025-10-22 09:08:05,071 DEBUG core.XpoUtility - Adding XPO type information for ticket_team
2025-10-22 09:08:05,071 DEBUG core.XpoUtility - Adding XPO type information for ticket_team_memberid
2025-10-22 09:08:05,071 DEBUG core.XpoUtility - Adding XPO type information for ticket_vote
2025-10-22 09:08:05,071 DEBUG core.XpoUtility - Adding XPO type information for titles
2025-10-22 09:08:05,071 DEBUG core.XpoUtility - Adding XPO type information for tmp_woprog
2025-10-22 09:08:05,072 DEBUG core.XpoUtility - Adding XPO type information for training_curriculum
2025-10-22 09:08:05,072 DEBUG core.XpoUtility - Adding XPO type information for training_header
2025-10-22 09:08:05,073 DEBUG core.XpoUtility - Adding XPO type information for training_header_history
2025-10-22 09:08:05,073 DEBUG core.XpoUtility - Adding XPO type information for training_history
2025-10-22 09:08:05,073 DEBUG core.XpoUtility - Adding XPO type information for training_module
2025-10-22 09:08:05,073 DEBUG core.XpoUtility - Adding XPO type information for training_schedule
2025-10-22 09:08:05,073 DEBUG core.XpoUtility - Adding XPO type information for training_type
2025-10-22 09:08:05,073 DEBUG core.XpoUtility - Adding XPO type information for truck_history
2025-10-22 09:08:05,073 DEBUG core.XpoUtility - Adding XPO type information for user_switch
2025-10-22 09:08:05,073 DEBUG core.XpoUtility - Adding XPO type information for vacation_log
2025-10-22 09:08:05,073 DEBUG core.XpoUtility - Adding XPO type information for vacation_master
2025-10-22 09:08:05,073 DEBUG core.XpoUtility - Adding XPO type information for vacation_note
2025-10-22 09:08:05,073 DEBUG core.XpoUtility - Adding XPO type information for vacation_payment_method
2025-10-22 09:08:05,073 DEBUG core.XpoUtility - Adding XPO type information for vacation_status
2025-10-22 09:08:05,073 DEBUG core.XpoUtility - Adding XPO type information for vacation_transactions
2025-10-22 09:08:05,073 DEBUG core.XpoUtility - Adding XPO type information for vacation_type
2025-10-22 09:08:05,074 DEBUG core.XpoUtility - Adding XPO type information for vendor
2025-10-22 09:08:05,074 DEBUG core.XpoUtility - Adding XPO type information for vendor_business_unit
2025-10-22 09:08:05,074 DEBUG core.XpoUtility - Adding XPO type information for vendor_documents
2025-10-22 09:08:05,074 DEBUG core.XpoUtility - Adding XPO type information for vendor_merge_history
2025-10-22 09:08:05,074 DEBUG core.XpoUtility - Adding XPO type information for vendor_netsuite_map
2025-10-22 09:08:05,074 DEBUG core.XpoUtility - Adding XPO type information for video
2025-10-22 09:08:05,074 DEBUG core.XpoUtility - Adding XPO type information for video_category
2025-10-22 09:08:05,074 DEBUG core.XpoUtility - Adding XPO type information for video_page_lnk
2025-10-22 09:08:05,074 DEBUG core.XpoUtility - Adding XPO type information for video_privilege
2025-10-22 09:08:05,074 DEBUG core.XpoUtility - Adding XPO type information for video_watch_history
2025-10-22 09:08:05,074 DEBUG core.XpoUtility - Adding XPO type information for visible_business_units
2025-10-22 09:08:05,074 DEBUG core.XpoUtility - Adding XPO type information for watch
2025-10-22 09:08:05,074 DEBUG core.XpoUtility - Adding XPO type information for watch_wo_costs_sells_log
2025-10-22 09:08:05,075 DEBUG core.XpoUtility - Adding XPO type information for who_to_ask
2025-10-22 09:08:05,075 DEBUG core.XpoUtility - Adding XPO type information for wocomment
2025-10-22 09:08:05,075 DEBUG core.XpoUtility - Adding XPO type information for wodetailh_temp
2025-10-22 09:08:05,075 DEBUG core.XpoUtility - Adding XPO type information for woprog
2025-10-22 09:08:05,076 DEBUG core.XpoUtility - Adding XPO type information for woprogchanges
2025-10-22 09:08:05,076 DEBUG core.XpoUtility - Adding XPO type information for woprogchanges_snapshot
2025-10-22 09:08:05,076 DEBUG core.XpoUtility - Adding XPO type information for woprogcomment
2025-10-22 09:08:05,076 DEBUG core.XpoUtility - Adding XPO type information for woprogstatus
2025-10-22 09:08:05,076 DEBUG core.XpoUtility - Adding XPO type information for woprog_asset
2025-10-22 09:08:05,076 DEBUG core.XpoUtility - Adding XPO type information for woprog_invoice_text
2025-10-22 09:08:05,076 DEBUG core.XpoUtility - Adding XPO type information for woprog_jobtag
2025-10-22 09:08:05,076 DEBUG core.XpoUtility - Adding XPO type information for woprog_project_notes
2025-10-22 09:08:05,076 DEBUG core.XpoUtility - Adding XPO type information for woprog_scheduler
2025-10-22 09:08:05,077 DEBUG core.XpoUtility - Adding XPO type information for woprog_status
2025-10-22 09:08:05,077 DEBUG core.XpoUtility - Adding XPO type information for woprog_tasks
2025-10-22 09:08:05,077 DEBUG core.XpoUtility - Adding XPO type information for wo_associated
2025-10-22 09:08:05,077 DEBUG core.XpoUtility - Adding XPO type information for wo_checklist
2025-10-22 09:08:05,077 DEBUG core.XpoUtility - Adding XPO type information for wo_checklist_history
2025-10-22 09:08:05,077 DEBUG core.XpoUtility - Adding XPO type information for wo_detail_current
2025-10-22 09:08:05,077 DEBUG core.XpoUtility - Adding XPO type information for wo_detail_current_audit
2025-10-22 09:08:05,077 DEBUG core.XpoUtility - Adding XPO type information for wo_detail_history
2025-10-22 09:08:05,078 DEBUG core.XpoUtility - Adding XPO type information for wo_detail_lineitem_billtype
2025-10-22 09:08:05,078 DEBUG core.XpoUtility - Adding XPO type information for wo_freeze
2025-10-22 09:08:05,078 DEBUG core.XpoUtility - Adding XPO type information for wo_import_stage
2025-10-22 09:08:05,078 DEBUG core.XpoUtility - Adding XPO type information for wo_lag
2025-10-22 09:08:05,078 DEBUG core.XpoUtility - Adding XPO type information for wo_line_import_stage
2025-10-22 09:08:05,078 DEBUG core.XpoUtility - Adding XPO type information for wo_survey
2025-10-22 09:08:20,301 ERROR core.XpoUtility - Error processing XPO assemblies
DevExpress.Xpo.DB.Exceptions.UnableToOpenDatabaseException: Unable to open database. Connection string: 'server=192.168.150.18;user id=nesiappuser;password=***REMOVED***;database=neintranet;persistsecurityinfo=True;characterset=utf8;'; Error: 'MySql.Data.MySqlClient.MySqlException (0x80004005): Unable to connect to any of the specified MySQL hosts.
   at MySql.Data.MySqlClient.NativeDriver.Open()
   at MySql.Data.MySqlClient.Driver.Open()
   at MySql.Data.MySqlClient.Driver.Create(MySqlConnectionStringBuilder settings)
   at MySql.Data.MySqlClient.MySqlPool.CreateNewPooledConnection()
   at MySql.Data.MySqlClient.MySqlPool.GetPooledConnection()
   at MySql.Data.MySqlClient.MySqlPool.TryToGetDriver()
   at MySql.Data.MySqlClient.MySqlPool.GetConnection()
   at MySql.Data.MySqlClient.MySqlConnection.Open()
   at DevExpress.Xpo.DB.MySqlConnectionProvider.CreateDataBase()' ---> MySql.Data.MySqlClient.MySqlException: Unable to connect to any of the specified MySQL hosts.
   at MySql.Data.MySqlClient.NativeDriver.Open()
   at MySql.Data.MySqlClient.Driver.Open()
   at MySql.Data.MySqlClient.Driver.Create(MySqlConnectionStringBuilder settings)
   at MySql.Data.MySqlClient.MySqlPool.CreateNewPooledConnection()
   at MySql.Data.MySqlClient.MySqlPool.GetPooledConnection()
   at MySql.Data.MySqlClient.MySqlPool.TryToGetDriver()
   at MySql.Data.MySqlClient.MySqlPool.GetConnection()
   at MySql.Data.MySqlClient.MySqlConnection.Open()
   at DevExpress.Xpo.DB.MySqlConnectionProvider.CreateDataBase()
   --- End of inner exception stack trace ---
   at DevExpress.Xpo.DB.MySqlConnectionProvider.CreateDataBase()
   at DevExpress.Xpo.DB.ConnectionProviderSql..ctor(IDbConnection connection, AutoCreateOption autoCreateOption)
   at DevExpress.Xpo.DB.MySqlConnectionProvider..ctor(IDbConnection connection, AutoCreateOption autoCreateOption)
   at DevExpress.Xpo.DB.MySqlConnectionProvider.CreateProviderFromString(String connectionString, AutoCreateOption autoCreateOption, IDisposable[]& objectsToDisposeOnDisconnect)
   at DevExpress.Xpo.XpoDefault.GetConnectionProvider(String connectionString, AutoCreateOption defaultAutoCreateOption, IDisposable[]& objectsToDisposeOnDisconnect)
   at DevExpress.Xpo.XpoDefault.GetConnectionProvider(String connectionString, AutoCreateOption defaultAutoCreateOption)
   at core.XpoUtility.StoreCoreXpoAssemblies(String connectionString) in C:\Users\jay.kandasamy\source\repos\SparkOps\Nesi.Main\NESI.Core\CoreMarkerType.cs:line 55
2025-10-22 09:24:34,665 INFO NESI.WebAPI.Initialization.Global - Application started in Default
2025-10-22 09:24:34,671 INFO NESI.WebAPI.Initialization.Global - DEBUG symbol NOT defined for this environment
2025-10-22 09:24:35,031 INFO core.XpoUtility - Processing XPA assemblies
2025-10-22 09:24:35,071 DEBUG core.XpoUtility - Adding XPO type information for accounting_period
2025-10-22 09:24:35,094 DEBUG core.XpoUtility - Adding XPO type information for active_memberoffer
2025-10-22 09:24:35,094 DEBUG core.XpoUtility - Adding XPO type information for address
2025-10-22 09:24:35,096 DEBUG core.XpoUtility - Adding XPO type information for address_netsuite_map
2025-10-22 09:24:35,096 DEBUG core.XpoUtility - Adding XPO type information for adp_canada_codes
2025-10-22 09:24:35,096 DEBUG core.XpoUtility - Adding XPO type information for allowed_bu_on_wo
2025-10-22 09:24:35,096 DEBUG core.XpoUtility - Adding XPO type information for applicants
2025-10-22 09:24:35,096 DEBUG core.XpoUtility - Adding XPO type information for appointments
2025-10-22 09:24:35,097 DEBUG core.XpoUtility - Adding XPO type information for appointment_resource_member_hide_link
2025-10-22 09:24:35,097 DEBUG core.XpoUtility - Adding XPO type information for appointment_resource_member_link
2025-10-22 09:24:35,097 DEBUG core.XpoUtility - Adding XPO type information for appointment_status
2025-10-22 09:24:35,097 DEBUG core.XpoUtility - Adding XPO type information for apstatus
2025-10-22 09:24:35,097 DEBUG core.XpoUtility - Adding XPO type information for area_codes
2025-10-22 09:24:35,097 DEBUG core.XpoUtility - Adding XPO type information for ar_notes
2025-10-22 09:24:35,097 DEBUG core.XpoUtility - Adding XPO type information for assets
2025-10-22 09:24:35,098 DEBUG core.XpoUtility - Adding XPO type information for assets_history
2025-10-22 09:24:35,098 DEBUG core.XpoUtility - Adding XPO type information for assets_type
2025-10-22 09:24:35,098 DEBUG core.XpoUtility - Adding XPO type information for asset_customer_rate
2025-10-22 09:24:35,098 DEBUG core.XpoUtility - Adding XPO type information for asset_history_action
2025-10-22 09:24:35,098 DEBUG core.XpoUtility - Adding XPO type information for asset_status
2025-10-22 09:24:35,098 DEBUG core.XpoUtility - Adding XPO type information for auditgroup
2025-10-22 09:24:35,098 DEBUG core.XpoUtility - Adding XPO type information for audithistory_details
2025-10-22 09:24:35,098 DEBUG core.XpoUtility - Adding XPO type information for audithistory_header
2025-10-22 09:24:35,098 DEBUG core.XpoUtility - Adding XPO type information for audititem
2025-10-22 09:24:35,098 DEBUG core.XpoUtility - Adding XPO type information for audititem_group
2025-10-22 09:24:35,098 DEBUG core.XpoUtility - Adding XPO type information for audititem_ratingdesc
2025-10-22 09:24:35,098 DEBUG core.XpoUtility - Adding XPO type information for audititem_type
2025-10-22 09:24:35,098 DEBUG core.XpoUtility - Adding XPO type information for audit_group
2025-10-22 09:24:35,098 DEBUG core.XpoUtility - Adding XPO type information for audit_item
2025-10-22 09:24:35,098 DEBUG core.XpoUtility - Adding XPO type information for audit_type
2025-10-22 09:24:35,098 DEBUG core.XpoUtility - Adding XPO type information for audit_typegroup_link
2025-10-22 09:24:35,099 DEBUG core.XpoUtility - Adding XPO type information for auto_reports
2025-10-22 09:24:35,099 DEBUG core.XpoUtility - Adding XPO type information for auto_reports_schedule
2025-10-22 09:24:35,099 DEBUG core.XpoUtility - Adding XPO type information for auto_report_history
2025-10-22 09:24:35,099 DEBUG core.XpoUtility - Adding XPO type information for bankedpay_ledger
2025-10-22 09:24:35,099 DEBUG core.XpoUtility - Adding XPO type information for bankedpay_ledger_type
2025-10-22 09:24:35,099 DEBUG core.XpoUtility - Adding XPO type information for barcode_prefix
2025-10-22 09:24:35,099 DEBUG core.XpoUtility - Adding XPO type information for benefit_details
2025-10-22 09:24:35,099 DEBUG core.XpoUtility - Adding XPO type information for bingo_data
2025-10-22 09:24:35,099 DEBUG core.XpoUtility - Adding XPO type information for bingo_queries
2025-10-22 09:24:35,099 DEBUG core.XpoUtility - Adding XPO type information for bonus_membertype_link
2025-10-22 09:24:35,099 DEBUG core.XpoUtility - Adding XPO type information for bonus_type
2025-10-22 09:24:35,099 DEBUG core.XpoUtility - Adding XPO type information for breaktime
2025-10-22 09:24:35,099 DEBUG core.XpoUtility - Adding XPO type information for business
2025-10-22 09:24:35,100 DEBUG core.XpoUtility - Adding XPO type information for business_unit
2025-10-22 09:24:35,101 DEBUG core.XpoUtility - Adding XPO type information for business_unit_comp_div
2025-10-22 09:24:35,102 DEBUG core.XpoUtility - Adding XPO type information for business_unit_hiearchy
2025-10-22 09:24:35,102 DEBUG core.XpoUtility - Adding XPO type information for business_unit_po_dist
2025-10-22 09:24:35,102 DEBUG core.XpoUtility - Adding XPO type information for bu_paytype_link
2025-10-22 09:24:35,102 DEBUG core.XpoUtility - Adding XPO type information for cap_training_schedule
2025-10-22 09:24:35,102 DEBUG core.XpoUtility - Adding XPO type information for cellphone
2025-10-22 09:24:35,102 DEBUG core.XpoUtility - Adding XPO type information for cellphone_app_device
2025-10-22 09:24:35,102 DEBUG core.XpoUtility - Adding XPO type information for cellphone_app_imei
2025-10-22 09:24:35,102 DEBUG core.XpoUtility - Adding XPO type information for cellphone_app_sim
2025-10-22 09:24:35,102 DEBUG core.XpoUtility - Adding XPO type information for cellphone_carrier
2025-10-22 09:24:35,102 DEBUG core.XpoUtility - Adding XPO type information for cellphone_gps
2025-10-22 09:24:35,102 DEBUG core.XpoUtility - Adding XPO type information for cellphone_history
2025-10-22 09:24:35,103 DEBUG core.XpoUtility - Adding XPO type information for cellphone_number
2025-10-22 09:24:35,103 DEBUG core.XpoUtility - Adding XPO type information for cellphone_number_history
2025-10-22 09:24:35,103 DEBUG core.XpoUtility - Adding XPO type information for cellphone_status
2025-10-22 09:24:35,103 DEBUG core.XpoUtility - Adding XPO type information for certificates
2025-10-22 09:24:35,103 DEBUG core.XpoUtility - Adding XPO type information for certificates_credential_link
2025-10-22 09:24:35,103 DEBUG core.XpoUtility - Adding XPO type information for certificate_history
2025-10-22 09:24:35,103 DEBUG core.XpoUtility - Adding XPO type information for certificate_skill_link
2025-10-22 09:24:35,103 DEBUG core.XpoUtility - Adding XPO type information for certificate_training_link
2025-10-22 09:24:35,103 DEBUG core.XpoUtility - Adding XPO type information for chargeout
2025-10-22 09:24:35,103 DEBUG core.XpoUtility - Adding XPO type information for collection_history
2025-10-22 09:24:35,103 DEBUG core.XpoUtility - Adding XPO type information for contact
2025-10-22 09:24:35,103 DEBUG core.XpoUtility - Adding XPO type information for contactpage
2025-10-22 09:24:35,104 DEBUG core.XpoUtility - Adding XPO type information for contactpageprivilege
2025-10-22 09:24:35,104 DEBUG core.XpoUtility - Adding XPO type information for contact_history
2025-10-22 09:24:35,104 DEBUG core.XpoUtility - Adding XPO type information for contact_netsuite_map
2025-10-22 09:24:35,104 DEBUG core.XpoUtility - Adding XPO type information for conversion_map
2025-10-22 09:24:35,104 DEBUG core.XpoUtility - Adding XPO type information for conversion_unit
2025-10-22 09:24:35,104 DEBUG core.XpoUtility - Adding XPO type information for core_responsibilities
2025-10-22 09:24:35,104 DEBUG core.XpoUtility - Adding XPO type information for core_responsibilities_privilege
2025-10-22 09:24:35,104 DEBUG core.XpoUtility - Adding XPO type information for country
2025-10-22 09:24:35,104 DEBUG core.XpoUtility - Adding XPO type information for credit_cards
2025-10-22 09:24:35,105 DEBUG core.XpoUtility - Adding XPO type information for credit_card_purchase
2025-10-22 09:24:35,105 DEBUG core.XpoUtility - Adding XPO type information for credit_card_purchase_netsuite_xref
2025-10-22 09:24:35,105 DEBUG core.XpoUtility - Adding XPO type information for cr_certificates
2025-10-22 09:24:35,105 DEBUG core.XpoUtility - Adding XPO type information for cr_group
2025-10-22 09:24:35,105 DEBUG core.XpoUtility - Adding XPO type information for cr_qualifications
2025-10-22 09:24:35,105 DEBUG core.XpoUtility - Adding XPO type information for cr_review
2025-10-22 09:24:35,105 DEBUG core.XpoUtility - Adding XPO type information for cr_skills_link
2025-10-22 09:24:35,105 DEBUG core.XpoUtility - Adding XPO type information for cr_skills_priority
2025-10-22 09:24:35,105 DEBUG core.XpoUtility - Adding XPO type information for currency
2025-10-22 09:24:35,105 DEBUG core.XpoUtility - Adding XPO type information for currency_history
2025-10-22 09:24:35,105 DEBUG core.XpoUtility - Adding XPO type information for customer
2025-10-22 09:24:35,106 DEBUG core.XpoUtility - Adding XPO type information for customer_asset
2025-10-22 09:24:35,106 DEBUG core.XpoUtility - Adding XPO type information for customer_asset_history
2025-10-22 09:24:35,106 DEBUG core.XpoUtility - Adding XPO type information for customer_business_unit
2025-10-22 09:24:35,106 DEBUG core.XpoUtility - Adding XPO type information for customer_collection_status
2025-10-22 09:24:35,106 DEBUG core.XpoUtility - Adding XPO type information for customer_company
2025-10-22 09:24:35,106 DEBUG core.XpoUtility - Adding XPO type information for customer_default_invoice_types
2025-10-22 09:24:35,107 DEBUG core.XpoUtility - Adding XPO type information for customer_history
2025-10-22 09:24:35,107 DEBUG core.XpoUtility - Adding XPO type information for customer_internal_link
2025-10-22 09:24:35,107 DEBUG core.XpoUtility - Adding XPO type information for customer_netsuite_map
2025-10-22 09:24:35,107 DEBUG core.XpoUtility - Adding XPO type information for customer_origin
2025-10-22 09:24:35,107 DEBUG core.XpoUtility - Adding XPO type information for customer_or_contact_status
2025-10-22 09:24:35,107 DEBUG core.XpoUtility - Adding XPO type information for customer_rate
2025-10-22 09:24:35,107 DEBUG core.XpoUtility - Adding XPO type information for customer_sales_properties
2025-10-22 09:24:35,107 DEBUG core.XpoUtility - Adding XPO type information for customer_ticketheader
2025-10-22 09:24:35,108 DEBUG core.XpoUtility - Adding XPO type information for customer_ticketissues
2025-10-22 09:24:35,108 DEBUG core.XpoUtility - Adding XPO type information for customer_ticketmanager
2025-10-22 09:24:35,108 DEBUG core.XpoUtility - Adding XPO type information for customer_ticketpage
2025-10-22 09:24:35,108 DEBUG core.XpoUtility - Adding XPO type information for customer_ticketpriority
2025-10-22 09:24:35,108 DEBUG core.XpoUtility - Adding XPO type information for customer_ticketstatus
2025-10-22 09:24:35,108 DEBUG core.XpoUtility - Adding XPO type information for customer_tickettype
2025-10-22 09:24:35,108 DEBUG core.XpoUtility - Adding XPO type information for cust_vend_requests
2025-10-22 09:24:35,108 DEBUG core.XpoUtility - Adding XPO type information for daily_finance
2025-10-22 09:24:35,108 DEBUG core.XpoUtility - Adding XPO type information for dashboard
2025-10-22 09:24:35,108 DEBUG core.XpoUtility - Adding XPO type information for dashboardtmp
2025-10-22 09:24:35,109 DEBUG core.XpoUtility - Adding XPO type information for dashboard_header
2025-10-22 09:24:35,109 DEBUG core.XpoUtility - Adding XPO type information for dashboard_snapshot_daily
2025-10-22 09:24:35,109 DEBUG core.XpoUtility - Adding XPO type information for dashboard_snapshot_hist
2025-10-22 09:24:35,110 DEBUG core.XpoUtility - Adding XPO type information for dashboard_thresholds
2025-10-22 09:24:35,110 DEBUG core.XpoUtility - Adding XPO type information for days_off_canned_reasons
2025-10-22 09:24:35,110 DEBUG core.XpoUtility - Adding XPO type information for digitalsignage
2025-10-22 09:24:35,110 DEBUG core.XpoUtility - Adding XPO type information for distribution_group
2025-10-22 09:24:35,110 DEBUG core.XpoUtility - Adding XPO type information for distribution_group_link
2025-10-22 09:24:35,110 DEBUG core.XpoUtility - Adding XPO type information for download
2025-10-22 09:24:35,110 DEBUG core.XpoUtility - Adding XPO type information for downloadcat
2025-10-22 09:24:35,110 DEBUG core.XpoUtility - Adding XPO type information for edit_type
2025-10-22 09:24:35,110 DEBUG core.XpoUtility - Adding XPO type information for emaillog
2025-10-22 09:24:35,110 DEBUG core.XpoUtility - Adding XPO type information for emp_review
2025-10-22 09:24:35,110 DEBUG core.XpoUtility - Adding XPO type information for emp_review_group
2025-10-22 09:24:35,110 DEBUG core.XpoUtility - Adding XPO type information for emp_review_history
2025-10-22 09:24:35,110 DEBUG core.XpoUtility - Adding XPO type information for emp_review_items
2025-10-22 09:24:35,110 DEBUG core.XpoUtility - Adding XPO type information for emp_trm
2025-10-22 09:24:35,111 DEBUG core.XpoUtility - Adding XPO type information for emp_trm_chklist_lnk
2025-10-22 09:24:35,111 DEBUG core.XpoUtility - Adding XPO type information for emp_trm_chklist_opt
2025-10-22 09:24:35,111 DEBUG core.XpoUtility - Adding XPO type information for eritem
2025-10-22 09:24:35,111 DEBUG core.XpoUtility - Adding XPO type information for erjob
2025-10-22 09:24:35,111 DEBUG core.XpoUtility - Adding XPO type information for error
2025-10-22 09:24:35,111 DEBUG core.XpoUtility - Adding XPO type information for error_log
2025-10-22 09:24:35,111 DEBUG core.XpoUtility - Adding XPO type information for er_branch_data
2025-10-22 09:24:35,111 DEBUG core.XpoUtility - Adding XPO type information for er_vendor_data
2025-10-22 09:24:35,112 DEBUG core.XpoUtility - Adding XPO type information for event_table
2025-10-22 09:24:35,112 DEBUG core.XpoUtility - Adding XPO type information for expense_category
2025-10-22 09:24:35,112 DEBUG core.XpoUtility - Adding XPO type information for expense_category_business_unit
2025-10-22 09:24:35,112 DEBUG core.XpoUtility - Adding XPO type information for expense_reimbursement
2025-10-22 09:24:35,112 DEBUG core.XpoUtility - Adding XPO type information for expense_reimbursement_netsuite_xref
2025-10-22 09:24:35,112 DEBUG core.XpoUtility - Adding XPO type information for expense_seller
2025-10-22 09:24:35,112 DEBUG core.XpoUtility - Adding XPO type information for ext_website_credentials
2025-10-22 09:24:35,112 DEBUG core.XpoUtility - Adding XPO type information for failed_login
2025-10-22 09:24:35,112 DEBUG core.XpoUtility - Adding XPO type information for faq
2025-10-22 09:24:35,112 DEBUG core.XpoUtility - Adding XPO type information for faq_section
2025-10-22 09:24:35,112 DEBUG core.XpoUtility - Adding XPO type information for fytarget
2025-10-22 09:24:35,113 DEBUG core.XpoUtility - Adding XPO type information for fytarget_employees
2025-10-22 09:24:35,113 DEBUG core.XpoUtility - Adding XPO type information for gantt_data
2025-10-22 09:24:35,113 DEBUG core.XpoUtility - Adding XPO type information for gltrans
2025-10-22 09:24:35,113 DEBUG core.XpoUtility - Adding XPO type information for gl_chart_of_accounts
2025-10-22 09:24:35,114 DEBUG core.XpoUtility - Adding XPO type information for gl_chart_of_accounts_staging
2025-10-22 09:24:35,114 DEBUG core.XpoUtility - Adding XPO type information for gl_control_accounts
2025-10-22 09:24:35,114 DEBUG core.XpoUtility - Adding XPO type information for gl_group_te
2025-10-22 09:24:35,114 DEBUG core.XpoUtility - Adding XPO type information for gl_note_te
2025-10-22 09:24:35,115 DEBUG core.XpoUtility - Adding XPO type information for gl_special_accounts
2025-10-22 09:24:35,115 DEBUG core.XpoUtility - Adding XPO type information for gl_special_account_te_link
2025-10-22 09:24:35,115 DEBUG core.XpoUtility - Adding XPO type information for gl_subgroup_te
2025-10-22 09:24:35,115 DEBUG core.XpoUtility - Adding XPO type information for gl_te
2025-10-22 09:24:35,115 DEBUG core.XpoUtility - Adding XPO type information for gl_type_mapping
2025-10-22 09:24:35,115 DEBUG core.XpoUtility - Adding XPO type information for graph
2025-10-22 09:24:35,115 DEBUG core.XpoUtility - Adding XPO type information for gridviewlayouts
2025-10-22 09:24:35,115 DEBUG core.XpoUtility - Adding XPO type information for historycust
2025-10-22 09:24:35,115 DEBUG core.XpoUtility - Adding XPO type information for historypo
2025-10-22 09:24:35,116 DEBUG core.XpoUtility - Adding XPO type information for history_action_type
2025-10-22 09:24:35,116 DEBUG core.XpoUtility - Adding XPO type information for holidays
2025-10-22 09:24:35,116 DEBUG core.XpoUtility - Adding XPO type information for huddle
2025-10-22 09:24:35,116 DEBUG core.XpoUtility - Adding XPO type information for huddle_source
2025-10-22 09:24:35,116 DEBUG core.XpoUtility - Adding XPO type information for huddle_task
2025-10-22 09:24:35,116 DEBUG core.XpoUtility - Adding XPO type information for huddle_task_comments
2025-10-22 09:24:35,116 DEBUG core.XpoUtility - Adding XPO type information for huddle_user
2025-10-22 09:24:35,116 DEBUG core.XpoUtility - Adding XPO type information for hu_snapshot
2025-10-22 09:24:35,116 DEBUG core.XpoUtility - Adding XPO type information for inc_stmt_note
2025-10-22 09:24:35,117 DEBUG core.XpoUtility - Adding XPO type information for internal_companyno
2025-10-22 09:24:35,117 DEBUG core.XpoUtility - Adding XPO type information for internal_project
2025-10-22 09:24:35,117 DEBUG core.XpoUtility - Adding XPO type information for invattribute
2025-10-22 09:24:35,117 DEBUG core.XpoUtility - Adding XPO type information for inventory_alternate
2025-10-22 09:24:35,117 DEBUG core.XpoUtility - Adding XPO type information for inventory_annual_counts
2025-10-22 09:24:35,117 DEBUG core.XpoUtility - Adding XPO type information for inventory_annual_counts_history
2025-10-22 09:24:35,117 DEBUG core.XpoUtility - Adding XPO type information for inventory_annual_count_header
2025-10-22 09:24:35,117 DEBUG core.XpoUtility - Adding XPO type information for inventory_attribute
2025-10-22 09:24:35,117 DEBUG core.XpoUtility - Adding XPO type information for inventory_attribute_value
2025-10-22 09:24:35,117 DEBUG core.XpoUtility - Adding XPO type information for inventory_audit
2025-10-22 09:24:35,117 DEBUG core.XpoUtility - Adding XPO type information for inventory_barcode
2025-10-22 09:24:35,117 DEBUG core.XpoUtility - Adding XPO type information for inventory_branch
2025-10-22 09:24:35,118 DEBUG core.XpoUtility - Adding XPO type information for inventory_branch_options
2025-10-22 09:24:35,118 DEBUG core.XpoUtility - Adding XPO type information for inventory_consignment
2025-10-22 09:24:35,118 DEBUG core.XpoUtility - Adding XPO type information for inventory_cost
2025-10-22 09:24:35,118 DEBUG core.XpoUtility - Adding XPO type information for inventory_description
2025-10-22 09:24:35,118 DEBUG core.XpoUtility - Adding XPO type information for inventory_dollar_balance_daily
2025-10-22 09:24:35,118 DEBUG core.XpoUtility - Adding XPO type information for inventory_expiry_period
2025-10-22 09:24:35,118 DEBUG core.XpoUtility - Adding XPO type information for inventory_group_dtl
2025-10-22 09:24:35,118 DEBUG core.XpoUtility - Adding XPO type information for inventory_group_hdr
2025-10-22 09:24:35,118 DEBUG core.XpoUtility - Adding XPO type information for inventory_history
2025-10-22 09:24:35,118 DEBUG core.XpoUtility - Adding XPO type information for inventory_import_stage
2025-10-22 09:24:35,119 DEBUG core.XpoUtility - Adding XPO type information for inventory_incorrect_levels
2025-10-22 09:24:35,119 DEBUG core.XpoUtility - Adding XPO type information for inventory_item_detail
2025-10-22 09:24:35,119 DEBUG core.XpoUtility - Adding XPO type information for inventory_item_master
2025-10-22 09:24:35,119 DEBUG core.XpoUtility - Adding XPO type information for inventory_kit_dtl
2025-10-22 09:24:35,119 DEBUG core.XpoUtility - Adding XPO type information for inventory_kit_hdr
2025-10-22 09:24:35,119 DEBUG core.XpoUtility - Adding XPO type information for inventory_location
2025-10-22 09:24:35,119 DEBUG core.XpoUtility - Adding XPO type information for inventory_location_master
2025-10-22 09:24:35,119 DEBUG core.XpoUtility - Adding XPO type information for inventory_location_type
2025-10-22 09:24:35,119 DEBUG core.XpoUtility - Adding XPO type information for inventory_note
2025-10-22 09:24:35,119 DEBUG core.XpoUtility - Adding XPO type information for inventory_per_unit
2025-10-22 09:24:35,119 DEBUG core.XpoUtility - Adding XPO type information for inventory_picture
2025-10-22 09:24:35,120 DEBUG core.XpoUtility - Adding XPO type information for inventory_price
2025-10-22 09:24:35,120 DEBUG core.XpoUtility - Adding XPO type information for inventory_price_history
2025-10-22 09:24:35,120 DEBUG core.XpoUtility - Adding XPO type information for inventory_reference
2025-10-22 09:24:35,120 DEBUG core.XpoUtility - Adding XPO type information for inventory_referencetype
2025-10-22 09:24:35,120 DEBUG core.XpoUtility - Adding XPO type information for inventory_sellprice
2025-10-22 09:24:35,120 DEBUG core.XpoUtility - Adding XPO type information for inventory_sellprice_history
2025-10-22 09:24:35,120 DEBUG core.XpoUtility - Adding XPO type information for inventory_sold_as
2025-10-22 09:24:35,120 DEBUG core.XpoUtility - Adding XPO type information for inventory_tag
2025-10-22 09:24:35,121 DEBUG core.XpoUtility - Adding XPO type information for inventory_tag_link
2025-10-22 09:24:35,121 DEBUG core.XpoUtility - Adding XPO type information for inventory_tag_preset
2025-10-22 09:24:35,121 DEBUG core.XpoUtility - Adding XPO type information for inventory_tag_tradename
2025-10-22 09:24:35,121 DEBUG core.XpoUtility - Adding XPO type information for inventory_tax
2025-10-22 09:24:35,121 DEBUG core.XpoUtility - Adding XPO type information for inventory_usage
2025-10-22 09:24:35,121 DEBUG core.XpoUtility - Adding XPO type information for inventory_usage_copy
2025-10-22 09:24:35,121 DEBUG core.XpoUtility - Adding XPO type information for invoice_collection_status
2025-10-22 09:24:35,121 DEBUG core.XpoUtility - Adding XPO type information for invoice_service_email_report_history
2025-10-22 09:24:35,121 DEBUG core.XpoUtility - Adding XPO type information for journal_entry
2025-10-22 09:24:35,122 DEBUG core.XpoUtility - Adding XPO type information for journal_entry_line
2025-10-22 09:24:35,122 DEBUG core.XpoUtility - Adding XPO type information for leavetype
2025-10-22 09:24:35,122 DEBUG core.XpoUtility - Adding XPO type information for log
2025-10-22 09:24:35,122 DEBUG core.XpoUtility - Adding XPO type information for logging_agent_error_log
2025-10-22 09:24:35,122 DEBUG core.XpoUtility - Adding XPO type information for log_action
2025-10-22 09:24:35,122 DEBUG core.XpoUtility - Adding XPO type information for log_page
2025-10-22 09:24:35,122 DEBUG core.XpoUtility - Adding XPO type information for log_page_asax
2025-10-22 09:24:35,122 DEBUG core.XpoUtility - Adding XPO type information for log_section
2025-10-22 09:24:35,122 DEBUG core.XpoUtility - Adding XPO type information for manufacturer
2025-10-22 09:24:35,122 DEBUG core.XpoUtility - Adding XPO type information for manufacturervendor
2025-10-22 09:24:35,123 DEBUG core.XpoUtility - Adding XPO type information for markup_formula
2025-10-22 09:24:35,123 DEBUG core.XpoUtility - Adding XPO type information for master_skills
2025-10-22 09:24:35,123 DEBUG core.XpoUtility - Adding XPO type information for master_skill_review_questions
2025-10-22 09:24:35,123 DEBUG core.XpoUtility - Adding XPO type information for matt
2025-10-22 09:24:35,123 DEBUG core.XpoUtility - Adding XPO type information for member
2025-10-22 09:24:35,125 DEBUG core.XpoUtility - Adding XPO type information for memberaddressaudit
2025-10-22 09:24:35,125 DEBUG core.XpoUtility - Adding XPO type information for memberdaysoff
2025-10-22 09:24:35,125 DEBUG core.XpoUtility - Adding XPO type information for memberdaysoffack
2025-10-22 09:24:35,125 DEBUG core.XpoUtility - Adding XPO type information for memberdivision
2025-10-22 09:24:35,125 DEBUG core.XpoUtility - Adding XPO type information for membergraph
2025-10-22 09:24:35,126 DEBUG core.XpoUtility - Adding XPO type information for membernote
2025-10-22 09:24:35,126 DEBUG core.XpoUtility - Adding XPO type information for memberoffer_cr
2025-10-22 09:24:35,126 DEBUG core.XpoUtility - Adding XPO type information for memberoffer_milestones
2025-10-22 09:24:35,126 DEBUG core.XpoUtility - Adding XPO type information for memberpage
2025-10-22 09:24:35,126 DEBUG core.XpoUtility - Adding XPO type information for memberpageprivilege
2025-10-22 09:24:35,126 DEBUG core.XpoUtility - Adding XPO type information for membertime
2025-10-22 09:24:35,126 DEBUG core.XpoUtility - Adding XPO type information for membertimeaudit
2025-10-22 09:24:35,127 DEBUG core.XpoUtility - Adding XPO type information for membertime_netsuite_xref
2025-10-22 09:24:35,127 DEBUG core.XpoUtility - Adding XPO type information for membertime_projecttask
2025-10-22 09:24:35,127 DEBUG core.XpoUtility - Adding XPO type information for membertime_projecttask_netsuite_xref
2025-10-22 09:24:35,127 DEBUG core.XpoUtility - Adding XPO type information for membertime_shop_link
2025-10-22 09:24:35,127 DEBUG core.XpoUtility - Adding XPO type information for membertime_shop_type
2025-10-22 09:24:35,127 DEBUG core.XpoUtility - Adding XPO type information for membertime_tags
2025-10-22 09:24:35,127 DEBUG core.XpoUtility - Adding XPO type information for membertime_ts_lite_paytypes
2025-10-22 09:24:35,127 DEBUG core.XpoUtility - Adding XPO type information for membertime_type
2025-10-22 09:24:35,127 DEBUG core.XpoUtility - Adding XPO type information for membertime_type_gl_link
2025-10-22 09:24:35,127 DEBUG core.XpoUtility - Adding XPO type information for membertype
2025-10-22 09:24:35,128 DEBUG core.XpoUtility - Adding XPO type information for membertypehours
2025-10-22 09:24:35,128 DEBUG core.XpoUtility - Adding XPO type information for membertypepage
2025-10-22 09:24:35,128 DEBUG core.XpoUtility - Adding XPO type information for membertypepageprivilege
2025-10-22 09:24:35,128 DEBUG core.XpoUtility - Adding XPO type information for membertype_auto_reports
2025-10-22 09:24:35,128 DEBUG core.XpoUtility - Adding XPO type information for membertype_chargeout
2025-10-22 09:24:35,128 DEBUG core.XpoUtility - Adding XPO type information for membertype_chargeout_back
2025-10-22 09:24:35,128 DEBUG core.XpoUtility - Adding XPO type information for membertype_chargeout_history
2025-10-22 09:24:35,128 DEBUG core.XpoUtility - Adding XPO type information for membertype_classification
2025-10-22 09:24:35,128 DEBUG core.XpoUtility - Adding XPO type information for membertype_responsibilities
2025-10-22 09:24:35,128 DEBUG core.XpoUtility - Adding XPO type information for memberwage
2025-10-22 09:24:35,128 DEBUG core.XpoUtility - Adding XPO type information for memberx
2025-10-22 09:24:35,129 DEBUG core.XpoUtility - Adding XPO type information for member_apprentice_level
2025-10-22 09:24:35,129 DEBUG core.XpoUtility - Adding XPO type information for member_certificates
2025-10-22 09:24:35,129 DEBUG core.XpoUtility - Adding XPO type information for member_fvr_dtl
2025-10-22 09:24:35,130 DEBUG core.XpoUtility - Adding XPO type information for member_fvr_hdr
2025-10-22 09:24:35,130 DEBUG core.XpoUtility - Adding XPO type information for member_fvr_history
2025-10-22 09:24:35,130 DEBUG core.XpoUtility - Adding XPO type information for member_fvr_status
2025-10-22 09:24:35,130 DEBUG core.XpoUtility - Adding XPO type information for member_fvr_tab
2025-10-22 09:24:35,130 DEBUG core.XpoUtility - Adding XPO type information for member_fvr_template_detail
2025-10-22 09:24:35,130 DEBUG core.XpoUtility - Adding XPO type information for member_fvr_template_header
2025-10-22 09:24:35,130 DEBUG core.XpoUtility - Adding XPO type information for member_hrstatus
2025-10-22 09:24:35,130 DEBUG core.XpoUtility - Adding XPO type information for member_import_stage
2025-10-22 09:24:35,130 DEBUG core.XpoUtility - Adding XPO type information for member_i_template
2025-10-22 09:24:35,130 DEBUG core.XpoUtility - Adding XPO type information for member_netsuite_xref
2025-10-22 09:24:35,130 DEBUG core.XpoUtility - Adding XPO type information for member_offers
2025-10-22 09:24:35,131 DEBUG core.XpoUtility - Adding XPO type information for member_offers_prod
2025-10-22 09:24:35,131 DEBUG core.XpoUtility - Adding XPO type information for member_offers_uat
2025-10-22 09:24:35,131 DEBUG core.XpoUtility - Adding XPO type information for member_paytype
2025-10-22 09:24:35,131 DEBUG core.XpoUtility - Adding XPO type information for member_skills
2025-10-22 09:24:35,131 DEBUG core.XpoUtility - Adding XPO type information for member_task_cc
2025-10-22 09:24:35,132 DEBUG core.XpoUtility - Adding XPO type information for member_temp
2025-10-22 09:24:35,132 DEBUG core.XpoUtility - Adding XPO type information for member_tile
2025-10-22 09:24:35,132 DEBUG core.XpoUtility - Adding XPO type information for member_tile_type
2025-10-22 09:24:35,132 DEBUG core.XpoUtility - Adding XPO type information for member_tile_type_link
2025-10-22 09:24:35,132 DEBUG core.XpoUtility - Adding XPO type information for member_timesheet_accuracy
2025-10-22 09:24:35,132 DEBUG core.XpoUtility - Adding XPO type information for member_todo_list_helper
2025-10-22 09:24:35,132 DEBUG core.XpoUtility - Adding XPO type information for message
2025-10-22 09:24:35,132 DEBUG core.XpoUtility - Adding XPO type information for messageboard_chat
2025-10-22 09:24:35,132 DEBUG core.XpoUtility - Adding XPO type information for messageto
2025-10-22 09:24:35,132 DEBUG core.XpoUtility - Adding XPO type information for messagetype
2025-10-22 09:24:35,132 DEBUG core.XpoUtility - Adding XPO type information for migration_expense_category_for_po
2025-10-22 09:24:35,132 DEBUG core.XpoUtility - Adding XPO type information for n2_profile_category
2025-10-22 09:24:35,132 DEBUG core.XpoUtility - Adding XPO type information for n2_profile_property
2025-10-22 09:24:35,133 DEBUG core.XpoUtility - Adding XPO type information for n2_user_profile
2025-10-22 09:24:35,133 DEBUG core.XpoUtility - Adding XPO type information for nesi_conversion_table
2025-10-22 09:24:35,133 DEBUG core.XpoUtility - Adding XPO type information for netsuite_queue
2025-10-22 09:24:35,133 DEBUG core.XpoUtility - Adding XPO type information for netsuite_sync_error
2025-10-22 09:24:35,133 DEBUG core.XpoUtility - Adding XPO type information for new_milestone
2025-10-22 09:24:35,133 DEBUG core.XpoUtility - Adding XPO type information for ne_file_revision
2025-10-22 09:24:35,133 DEBUG core.XpoUtility - Adding XPO type information for ne_session
2025-10-22 09:24:35,133 DEBUG core.XpoUtility - Adding XPO type information for note_templates
2025-10-22 09:24:35,133 DEBUG core.XpoUtility - Adding XPO type information for oncall_schedule
2025-10-22 09:24:35,133 DEBUG core.XpoUtility - Adding XPO type information for ownership
2025-10-22 09:24:35,133 DEBUG core.XpoUtility - Adding XPO type information for page
2025-10-22 09:24:35,134 DEBUG core.XpoUtility - Adding XPO type information for pageprivilege
2025-10-22 09:24:35,134 DEBUG core.XpoUtility - Adding XPO type information for pageprivilege_template
2025-10-22 09:24:35,134 DEBUG core.XpoUtility - Adding XPO type information for pageprivilege_template_item
2025-10-22 09:24:35,134 DEBUG core.XpoUtility - Adding XPO type information for page_related
2025-10-22 09:24:35,134 DEBUG core.XpoUtility - Adding XPO type information for page_wiki
2025-10-22 09:24:35,134 DEBUG core.XpoUtility - Adding XPO type information for partner_skills
2025-10-22 09:24:35,134 DEBUG core.XpoUtility - Adding XPO type information for part_request
2025-10-22 09:24:35,134 DEBUG core.XpoUtility - Adding XPO type information for part_request_history
2025-10-22 09:24:35,134 DEBUG core.XpoUtility - Adding XPO type information for part_request_origin
2025-10-22 09:24:35,134 DEBUG core.XpoUtility - Adding XPO type information for part_request_statuslist
2025-10-22 09:24:35,134 DEBUG core.XpoUtility - Adding XPO type information for passport
2025-10-22 09:24:35,135 DEBUG core.XpoUtility - Adding XPO type information for payperiods
2025-10-22 09:24:35,135 DEBUG core.XpoUtility - Adding XPO type information for payperiod_tax_entity
2025-10-22 09:24:35,135 DEBUG core.XpoUtility - Adding XPO type information for payroll
2025-10-22 09:24:35,135 DEBUG core.XpoUtility - Adding XPO type information for payroll_entry_types
2025-10-22 09:24:35,135 DEBUG core.XpoUtility - Adding XPO type information for payroll_extra_payments
2025-10-22 09:24:35,135 DEBUG core.XpoUtility - Adding XPO type information for payroll_hours
2025-10-22 09:24:35,135 DEBUG core.XpoUtility - Adding XPO type information for payroll_progress
2025-10-22 09:24:35,135 DEBUG core.XpoUtility - Adding XPO type information for paytypehours
2025-10-22 09:24:35,135 DEBUG core.XpoUtility - Adding XPO type information for phone_log
2025-10-22 09:24:35,136 DEBUG core.XpoUtility - Adding XPO type information for phone_numbers
2025-10-22 09:24:35,136 DEBUG core.XpoUtility - Adding XPO type information for poprogcomment
2025-10-22 09:24:35,136 DEBUG core.XpoUtility - Adding XPO type information for poprogstatus
2025-10-22 09:24:35,136 DEBUG core.XpoUtility - Adding XPO type information for poprog_cc
2025-10-22 09:24:35,136 DEBUG core.XpoUtility - Adding XPO type information for poprog_header
2025-10-22 09:24:35,137 DEBUG core.XpoUtility - Adding XPO type information for poprog_notes
2025-10-22 09:24:35,137 DEBUG core.XpoUtility - Adding XPO type information for poprog_part_history
2025-10-22 09:24:35,138 DEBUG core.XpoUtility - Adding XPO type information for poprog_payment_method
2025-10-22 09:24:35,138 DEBUG core.XpoUtility - Adding XPO type information for poprog_scans
2025-10-22 09:24:35,138 DEBUG core.XpoUtility - Adding XPO type information for poprog_shipping
2025-10-22 09:24:35,138 DEBUG core.XpoUtility - Adding XPO type information for poprog_status
2025-10-22 09:24:35,138 DEBUG core.XpoUtility - Adding XPO type information for po_details_current
2025-10-22 09:24:35,138 DEBUG core.XpoUtility - Adding XPO type information for po_gl_acct
2025-10-22 09:24:35,138 DEBUG core.XpoUtility - Adding XPO type information for po_import_stage
2025-10-22 09:24:35,138 DEBUG core.XpoUtility - Adding XPO type information for po_line_import_stage
2025-10-22 09:24:35,138 DEBUG core.XpoUtility - Adding XPO type information for privilege
2025-10-22 09:24:35,139 DEBUG core.XpoUtility - Adding XPO type information for privilege_detail
2025-10-22 09:24:35,139 DEBUG core.XpoUtility - Adding XPO type information for privilege_global
2025-10-22 09:24:35,139 DEBUG core.XpoUtility - Adding XPO type information for privilege_global_link
2025-10-22 09:24:35,139 DEBUG core.XpoUtility - Adding XPO type information for privilege_global_link_type
2025-10-22 09:24:35,139 DEBUG core.XpoUtility - Adding XPO type information for progress_billings
2025-10-22 09:24:35,139 DEBUG core.XpoUtility - Adding XPO type information for properties
2025-10-22 09:24:35,139 DEBUG core.XpoUtility - Adding XPO type information for prov
2025-10-22 09:24:35,139 DEBUG core.XpoUtility - Adding XPO type information for qualifications
2025-10-22 09:24:35,139 DEBUG core.XpoUtility - Adding XPO type information for quick_extensions
2025-10-22 09:24:35,139 DEBUG core.XpoUtility - Adding XPO type information for quote_canned_description
2025-10-22 09:24:35,139 DEBUG core.XpoUtility - Adding XPO type information for quote_chance
2025-10-22 09:24:35,139 DEBUG core.XpoUtility - Adding XPO type information for quote_competitor
2025-10-22 09:24:35,139 DEBUG core.XpoUtility - Adding XPO type information for quote_cust_notes
2025-10-22 09:24:35,139 DEBUG core.XpoUtility - Adding XPO type information for quote_extratext
2025-10-22 09:24:35,140 DEBUG core.XpoUtility - Adding XPO type information for quote_field_title
2025-10-22 09:24:35,140 DEBUG core.XpoUtility - Adding XPO type information for quote_filter
2025-10-22 09:24:35,140 DEBUG core.XpoUtility - Adding XPO type information for quote_filter_questions
2025-10-22 09:24:35,140 DEBUG core.XpoUtility - Adding XPO type information for quote_follow_up
2025-10-22 09:24:35,140 DEBUG core.XpoUtility - Adding XPO type information for quote_history
2025-10-22 09:24:35,140 DEBUG core.XpoUtility - Adding XPO type information for quote_kill_reason
2025-10-22 09:24:35,140 DEBUG core.XpoUtility - Adding XPO type information for quote_kill_reason_map
2025-10-22 09:24:35,140 DEBUG core.XpoUtility - Adding XPO type information for quote_kill_tier
2025-10-22 09:24:35,140 DEBUG core.XpoUtility - Adding XPO type information for quote_master
2025-10-22 09:24:35,141 DEBUG core.XpoUtility - Adding XPO type information for quote_post_mortem
2025-10-22 09:24:35,141 DEBUG core.XpoUtility - Adding XPO type information for quote_post_mortem_questions
2025-10-22 09:24:35,141 DEBUG core.XpoUtility - Adding XPO type information for quote_pricetype
2025-10-22 09:24:35,141 DEBUG core.XpoUtility - Adding XPO type information for quote_process_questions
2025-10-22 09:24:35,141 DEBUG core.XpoUtility - Adding XPO type information for quote_process_question_history
2025-10-22 09:24:35,141 DEBUG core.XpoUtility - Adding XPO type information for quote_received_reason
2025-10-22 09:24:35,141 DEBUG core.XpoUtility - Adding XPO type information for quote_received_reason_map
2025-10-22 09:24:35,141 DEBUG core.XpoUtility - Adding XPO type information for quote_schedule
2025-10-22 09:24:35,142 DEBUG core.XpoUtility - Adding XPO type information for quote_section
2025-10-22 09:24:35,142 DEBUG core.XpoUtility - Adding XPO type information for quote_status
2025-10-22 09:24:35,142 DEBUG core.XpoUtility - Adding XPO type information for quote_term
2025-10-22 09:24:35,142 DEBUG core.XpoUtility - Adding XPO type information for quote_worksheet
2025-10-22 09:24:35,142 DEBUG core.XpoUtility - Adding XPO type information for quote_worksheet_current_cost
2025-10-22 09:24:35,142 DEBUG core.XpoUtility - Adding XPO type information for rd
2025-10-22 09:24:35,142 DEBUG core.XpoUtility - Adding XPO type information for releases
2025-10-22 09:24:35,142 DEBUG core.XpoUtility - Adding XPO type information for rental_equipment
2025-10-22 09:24:35,142 DEBUG core.XpoUtility - Adding XPO type information for rental_equipment_category
2025-10-22 09:24:35,142 DEBUG core.XpoUtility - Adding XPO type information for report
2025-10-22 09:24:35,142 DEBUG core.XpoUtility - Adding XPO type information for reports_to_helper
2025-10-22 09:24:35,142 DEBUG core.XpoUtility - Adding XPO type information for revenue_line
2025-10-22 09:24:35,143 DEBUG core.XpoUtility - Adding XPO type information for revenue_line_business_unit
2025-10-22 09:24:35,143 DEBUG core.XpoUtility - Adding XPO type information for rfq_header
2025-10-22 09:24:35,143 DEBUG core.XpoUtility - Adding XPO type information for rfq_lineitem
2025-10-22 09:24:35,143 DEBUG core.XpoUtility - Adding XPO type information for rfq_part_list
2025-10-22 09:24:35,143 DEBUG core.XpoUtility - Adding XPO type information for rfq_vendor_list
2025-10-22 09:24:35,143 DEBUG core.XpoUtility - Adding XPO type information for rss_feed
2025-10-22 09:24:35,143 DEBUG core.XpoUtility - Adding XPO type information for r_engine_category
2025-10-22 09:24:35,143 DEBUG core.XpoUtility - Adding XPO type information for r_engine_permission
2025-10-22 09:24:35,143 DEBUG core.XpoUtility - Adding XPO type information for r_engine_report
2025-10-22 09:24:35,143 DEBUG core.XpoUtility - Adding XPO type information for salesperson
2025-10-22 09:24:35,143 DEBUG core.XpoUtility - Adding XPO type information for section
2025-10-22 09:24:35,143 DEBUG core.XpoUtility - Adding XPO type information for session
2025-10-22 09:24:35,143 DEBUG core.XpoUtility - Adding XPO type information for session_collection
2025-10-22 09:24:35,143 DEBUG core.XpoUtility - Adding XPO type information for ship
2025-10-22 09:24:35,143 DEBUG core.XpoUtility - Adding XPO type information for shopping_cart
2025-10-22 09:24:35,144 DEBUG core.XpoUtility - Adding XPO type information for shopping_cart_header
2025-10-22 09:24:35,144 DEBUG core.XpoUtility - Adding XPO type information for signature
2025-10-22 09:24:35,144 DEBUG core.XpoUtility - Adding XPO type information for specific_notes
2025-10-22 09:24:35,144 DEBUG core.XpoUtility - Adding XPO type information for stbb_bymonth
2025-10-22 09:24:35,144 DEBUG core.XpoUtility - Adding XPO type information for stock_transfer
2025-10-22 09:24:35,144 DEBUG core.XpoUtility - Adding XPO type information for stock_transfer_type
2025-10-22 09:24:35,144 DEBUG core.XpoUtility - Adding XPO type information for suggestion
2025-10-22 09:24:35,144 DEBUG core.XpoUtility - Adding XPO type information for target
2025-10-22 09:24:35,144 DEBUG core.XpoUtility - Adding XPO type information for target_type
2025-10-22 09:24:35,144 DEBUG core.XpoUtility - Adding XPO type information for task
2025-10-22 09:24:35,144 DEBUG core.XpoUtility - Adding XPO type information for task_history
2025-10-22 09:24:35,145 DEBUG core.XpoUtility - Adding XPO type information for task_member
2025-10-22 09:24:35,145 DEBUG core.XpoUtility - Adding XPO type information for task_status
2025-10-22 09:24:35,145 DEBUG core.XpoUtility - Adding XPO type information for tax
2025-10-22 09:24:35,145 DEBUG core.XpoUtility - Adding XPO type information for tax_entity
2025-10-22 09:24:35,145 DEBUG core.XpoUtility - Adding XPO type information for tax_entity_group
2025-10-22 09:24:35,145 DEBUG core.XpoUtility - Adding XPO type information for tax_entity_group_link
2025-10-22 09:24:35,145 DEBUG core.XpoUtility - Adding XPO type information for tax_entity_hiearchy
2025-10-22 09:24:35,145 DEBUG core.XpoUtility - Adding XPO type information for tax_entity_hierarchy
2025-10-22 09:24:35,145 DEBUG core.XpoUtility - Adding XPO type information for term
2025-10-22 09:24:35,145 DEBUG core.XpoUtility - Adding XPO type information for territory_mapping
2025-10-22 09:24:35,146 DEBUG core.XpoUtility - Adding XPO type information for ticketheader
2025-10-22 09:24:35,146 DEBUG core.XpoUtility - Adding XPO type information for ticketissues
2025-10-22 09:24:35,146 DEBUG core.XpoUtility - Adding XPO type information for ticketmanager
2025-10-22 09:24:35,146 DEBUG core.XpoUtility - Adding XPO type information for ticketpage
2025-10-22 09:24:35,146 DEBUG core.XpoUtility - Adding XPO type information for ticketpriority
2025-10-22 09:24:35,146 DEBUG core.XpoUtility - Adding XPO type information for ticketstatus
2025-10-22 09:24:35,146 DEBUG core.XpoUtility - Adding XPO type information for tickettype
2025-10-22 09:24:35,146 DEBUG core.XpoUtility - Adding XPO type information for ticket_files
2025-10-22 09:24:35,146 DEBUG core.XpoUtility - Adding XPO type information for ticket_group
2025-10-22 09:24:35,146 DEBUG core.XpoUtility - Adding XPO type information for ticket_group_type_link
2025-10-22 09:24:35,146 DEBUG core.XpoUtility - Adding XPO type information for ticket_memberview
2025-10-22 09:24:35,146 DEBUG core.XpoUtility - Adding XPO type information for ticket_tasks
2025-10-22 09:24:35,147 DEBUG core.XpoUtility - Adding XPO type information for ticket_team
2025-10-22 09:24:35,147 DEBUG core.XpoUtility - Adding XPO type information for ticket_team_memberid
2025-10-22 09:24:35,147 DEBUG core.XpoUtility - Adding XPO type information for ticket_vote
2025-10-22 09:24:35,147 DEBUG core.XpoUtility - Adding XPO type information for titles
2025-10-22 09:24:35,147 DEBUG core.XpoUtility - Adding XPO type information for tmp_woprog
2025-10-22 09:24:35,148 DEBUG core.XpoUtility - Adding XPO type information for training_curriculum
2025-10-22 09:24:35,148 DEBUG core.XpoUtility - Adding XPO type information for training_header
2025-10-22 09:24:35,148 DEBUG core.XpoUtility - Adding XPO type information for training_header_history
2025-10-22 09:24:35,148 DEBUG core.XpoUtility - Adding XPO type information for training_history
2025-10-22 09:24:35,148 DEBUG core.XpoUtility - Adding XPO type information for training_module
2025-10-22 09:24:35,148 DEBUG core.XpoUtility - Adding XPO type information for training_schedule
2025-10-22 09:24:35,148 DEBUG core.XpoUtility - Adding XPO type information for training_type
2025-10-22 09:24:35,148 DEBUG core.XpoUtility - Adding XPO type information for truck_history
2025-10-22 09:24:35,148 DEBUG core.XpoUtility - Adding XPO type information for user_switch
2025-10-22 09:24:35,148 DEBUG core.XpoUtility - Adding XPO type information for vacation_log
2025-10-22 09:24:35,149 DEBUG core.XpoUtility - Adding XPO type information for vacation_master
2025-10-22 09:24:35,149 DEBUG core.XpoUtility - Adding XPO type information for vacation_note
2025-10-22 09:24:35,149 DEBUG core.XpoUtility - Adding XPO type information for vacation_payment_method
2025-10-22 09:24:35,149 DEBUG core.XpoUtility - Adding XPO type information for vacation_status
2025-10-22 09:24:35,149 DEBUG core.XpoUtility - Adding XPO type information for vacation_transactions
2025-10-22 09:24:35,149 DEBUG core.XpoUtility - Adding XPO type information for vacation_type
2025-10-22 09:24:35,149 DEBUG core.XpoUtility - Adding XPO type information for vendor
2025-10-22 09:24:35,149 DEBUG core.XpoUtility - Adding XPO type information for vendor_business_unit
2025-10-22 09:24:35,149 DEBUG core.XpoUtility - Adding XPO type information for vendor_documents
2025-10-22 09:24:35,149 DEBUG core.XpoUtility - Adding XPO type information for vendor_merge_history
2025-10-22 09:24:35,149 DEBUG core.XpoUtility - Adding XPO type information for vendor_netsuite_map
2025-10-22 09:24:35,149 DEBUG core.XpoUtility - Adding XPO type information for video
2025-10-22 09:24:35,149 DEBUG core.XpoUtility - Adding XPO type information for video_category
2025-10-22 09:24:35,150 DEBUG core.XpoUtility - Adding XPO type information for video_page_lnk
2025-10-22 09:24:35,150 DEBUG core.XpoUtility - Adding XPO type information for video_privilege
2025-10-22 09:24:35,150 DEBUG core.XpoUtility - Adding XPO type information for video_watch_history
2025-10-22 09:24:35,150 DEBUG core.XpoUtility - Adding XPO type information for visible_business_units
2025-10-22 09:24:35,150 DEBUG core.XpoUtility - Adding XPO type information for watch
2025-10-22 09:24:35,150 DEBUG core.XpoUtility - Adding XPO type information for watch_wo_costs_sells_log
2025-10-22 09:24:35,150 DEBUG core.XpoUtility - Adding XPO type information for who_to_ask
2025-10-22 09:24:35,150 DEBUG core.XpoUtility - Adding XPO type information for wocomment
2025-10-22 09:24:35,150 DEBUG core.XpoUtility - Adding XPO type information for wodetailh_temp
2025-10-22 09:24:35,150 DEBUG core.XpoUtility - Adding XPO type information for woprog
2025-10-22 09:24:35,151 DEBUG core.XpoUtility - Adding XPO type information for woprogchanges
2025-10-22 09:24:35,151 DEBUG core.XpoUtility - Adding XPO type information for woprogchanges_snapshot
2025-10-22 09:24:35,151 DEBUG core.XpoUtility - Adding XPO type information for woprogcomment
2025-10-22 09:24:35,152 DEBUG core.XpoUtility - Adding XPO type information for woprogstatus
2025-10-22 09:24:35,152 DEBUG core.XpoUtility - Adding XPO type information for woprog_asset
2025-10-22 09:24:35,152 DEBUG core.XpoUtility - Adding XPO type information for woprog_invoice_text
2025-10-22 09:24:35,152 DEBUG core.XpoUtility - Adding XPO type information for woprog_jobtag
2025-10-22 09:24:35,152 DEBUG core.XpoUtility - Adding XPO type information for woprog_project_notes
2025-10-22 09:24:35,152 DEBUG core.XpoUtility - Adding XPO type information for woprog_scheduler
2025-10-22 09:24:35,152 DEBUG core.XpoUtility - Adding XPO type information for woprog_status
2025-10-22 09:24:35,152 DEBUG core.XpoUtility - Adding XPO type information for woprog_tasks
2025-10-22 09:24:35,152 DEBUG core.XpoUtility - Adding XPO type information for wo_associated
2025-10-22 09:24:35,152 DEBUG core.XpoUtility - Adding XPO type information for wo_checklist
2025-10-22 09:24:35,153 DEBUG core.XpoUtility - Adding XPO type information for wo_checklist_history
2025-10-22 09:24:35,153 DEBUG core.XpoUtility - Adding XPO type information for wo_detail_current
2025-10-22 09:24:35,154 DEBUG core.XpoUtility - Adding XPO type information for wo_detail_current_audit
2025-10-22 09:24:35,154 DEBUG core.XpoUtility - Adding XPO type information for wo_detail_history
2025-10-22 09:24:35,154 DEBUG core.XpoUtility - Adding XPO type information for wo_detail_lineitem_billtype
2025-10-22 09:24:35,154 DEBUG core.XpoUtility - Adding XPO type information for wo_freeze
2025-10-22 09:24:35,155 DEBUG core.XpoUtility - Adding XPO type information for wo_import_stage
2025-10-22 09:24:35,155 DEBUG core.XpoUtility - Adding XPO type information for wo_lag
2025-10-22 09:24:35,155 DEBUG core.XpoUtility - Adding XPO type information for wo_line_import_stage
2025-10-22 09:24:35,155 DEBUG core.XpoUtility - Adding XPO type information for wo_survey
2025-10-22 09:24:50,277 ERROR core.XpoUtility - Error processing XPO assemblies
DevExpress.Xpo.DB.Exceptions.UnableToOpenDatabaseException: Unable to open database. Connection string: 'server=192.168.150.18;user id=nesiappuser;password=***REMOVED***;database=neintranet;persistsecurityinfo=True;characterset=utf8;'; Error: 'MySql.Data.MySqlClient.MySqlException (0x80004005): Unable to connect to any of the specified MySQL hosts.
   at MySql.Data.MySqlClient.NativeDriver.Open()
   at MySql.Data.MySqlClient.Driver.Open()
   at MySql.Data.MySqlClient.Driver.Create(MySqlConnectionStringBuilder settings)
   at MySql.Data.MySqlClient.MySqlPool.CreateNewPooledConnection()
   at MySql.Data.MySqlClient.MySqlPool.GetPooledConnection()
   at MySql.Data.MySqlClient.MySqlPool.TryToGetDriver()
   at MySql.Data.MySqlClient.MySqlPool.GetConnection()
   at MySql.Data.MySqlClient.MySqlConnection.Open()
   at DevExpress.Xpo.DB.MySqlConnectionProvider.CreateDataBase()' ---> MySql.Data.MySqlClient.MySqlException: Unable to connect to any of the specified MySQL hosts.
   at MySql.Data.MySqlClient.NativeDriver.Open()
   at MySql.Data.MySqlClient.Driver.Open()
   at MySql.Data.MySqlClient.Driver.Create(MySqlConnectionStringBuilder settings)
   at MySql.Data.MySqlClient.MySqlPool.CreateNewPooledConnection()
   at MySql.Data.MySqlClient.MySqlPool.GetPooledConnection()
   at MySql.Data.MySqlClient.MySqlPool.TryToGetDriver()
   at MySql.Data.MySqlClient.MySqlPool.GetConnection()
   at MySql.Data.MySqlClient.MySqlConnection.Open()
   at DevExpress.Xpo.DB.MySqlConnectionProvider.CreateDataBase()
   --- End of inner exception stack trace ---
   at DevExpress.Xpo.DB.MySqlConnectionProvider.CreateDataBase()
   at DevExpress.Xpo.DB.ConnectionProviderSql..ctor(IDbConnection connection, AutoCreateOption autoCreateOption)
   at DevExpress.Xpo.DB.MySqlConnectionProvider..ctor(IDbConnection connection, AutoCreateOption autoCreateOption)
   at DevExpress.Xpo.DB.MySqlConnectionProvider.CreateProviderFromString(String connectionString, AutoCreateOption autoCreateOption, IDisposable[]& objectsToDisposeOnDisconnect)
   at DevExpress.Xpo.XpoDefault.GetConnectionProvider(String connectionString, AutoCreateOption defaultAutoCreateOption, IDisposable[]& objectsToDisposeOnDisconnect)
   at DevExpress.Xpo.XpoDefault.GetConnectionProvider(String connectionString, AutoCreateOption defaultAutoCreateOption)
   at core.XpoUtility.StoreCoreXpoAssemblies(String connectionString) in C:\Users\jay.kandasamy\source\repos\SparkOps\Nesi.Main\NESI.Core\CoreMarkerType.cs:line 55
2025-10-22 09:25:45,930 INFO NESI.WebAPI.Initialization.Global - Application started in Default
2025-10-22 09:25:45,936 INFO NESI.WebAPI.Initialization.Global - DEBUG symbol NOT defined for this environment
2025-10-22 09:25:46,341 INFO core.XpoUtility - Processing XPA assemblies
2025-10-22 09:25:46,379 DEBUG core.XpoUtility - Adding XPO type information for accounting_period
2025-10-22 09:25:46,400 DEBUG core.XpoUtility - Adding XPO type information for active_memberoffer
2025-10-22 09:25:46,400 DEBUG core.XpoUtility - Adding XPO type information for address
2025-10-22 09:25:46,402 DEBUG core.XpoUtility - Adding XPO type information for address_netsuite_map
2025-10-22 09:25:46,402 DEBUG core.XpoUtility - Adding XPO type information for adp_canada_codes
2025-10-22 09:25:46,402 DEBUG core.XpoUtility - Adding XPO type information for allowed_bu_on_wo
2025-10-22 09:25:46,402 DEBUG core.XpoUtility - Adding XPO type information for applicants
2025-10-22 09:25:46,403 DEBUG core.XpoUtility - Adding XPO type information for appointments
2025-10-22 09:25:46,403 DEBUG core.XpoUtility - Adding XPO type information for appointment_resource_member_hide_link
2025-10-22 09:25:46,403 DEBUG core.XpoUtility - Adding XPO type information for appointment_resource_member_link
2025-10-22 09:25:46,403 DEBUG core.XpoUtility - Adding XPO type information for appointment_status
2025-10-22 09:25:46,403 DEBUG core.XpoUtility - Adding XPO type information for apstatus
2025-10-22 09:25:46,403 DEBUG core.XpoUtility - Adding XPO type information for area_codes
2025-10-22 09:25:46,403 DEBUG core.XpoUtility - Adding XPO type information for ar_notes
2025-10-22 09:25:46,403 DEBUG core.XpoUtility - Adding XPO type information for assets
2025-10-22 09:25:46,404 DEBUG core.XpoUtility - Adding XPO type information for assets_history
2025-10-22 09:25:46,404 DEBUG core.XpoUtility - Adding XPO type information for assets_type
2025-10-22 09:25:46,404 DEBUG core.XpoUtility - Adding XPO type information for asset_customer_rate
2025-10-22 09:25:46,404 DEBUG core.XpoUtility - Adding XPO type information for asset_history_action
2025-10-22 09:25:46,404 DEBUG core.XpoUtility - Adding XPO type information for asset_status
2025-10-22 09:25:46,404 DEBUG core.XpoUtility - Adding XPO type information for auditgroup
2025-10-22 09:25:46,404 DEBUG core.XpoUtility - Adding XPO type information for audithistory_details
2025-10-22 09:25:46,404 DEBUG core.XpoUtility - Adding XPO type information for audithistory_header
2025-10-22 09:25:46,404 DEBUG core.XpoUtility - Adding XPO type information for audititem
2025-10-22 09:25:46,405 DEBUG core.XpoUtility - Adding XPO type information for audititem_group
2025-10-22 09:25:46,405 DEBUG core.XpoUtility - Adding XPO type information for audititem_ratingdesc
2025-10-22 09:25:46,405 DEBUG core.XpoUtility - Adding XPO type information for audititem_type
2025-10-22 09:25:46,405 DEBUG core.XpoUtility - Adding XPO type information for audit_group
2025-10-22 09:25:46,405 DEBUG core.XpoUtility - Adding XPO type information for audit_item
2025-10-22 09:25:46,405 DEBUG core.XpoUtility - Adding XPO type information for audit_type
2025-10-22 09:25:46,405 DEBUG core.XpoUtility - Adding XPO type information for audit_typegroup_link
2025-10-22 09:25:46,405 DEBUG core.XpoUtility - Adding XPO type information for auto_reports
2025-10-22 09:25:46,405 DEBUG core.XpoUtility - Adding XPO type information for auto_reports_schedule
2025-10-22 09:25:46,405 DEBUG core.XpoUtility - Adding XPO type information for auto_report_history
2025-10-22 09:25:46,405 DEBUG core.XpoUtility - Adding XPO type information for bankedpay_ledger
2025-10-22 09:25:46,405 DEBUG core.XpoUtility - Adding XPO type information for bankedpay_ledger_type
2025-10-22 09:25:46,405 DEBUG core.XpoUtility - Adding XPO type information for barcode_prefix
2025-10-22 09:25:46,405 DEBUG core.XpoUtility - Adding XPO type information for benefit_details
2025-10-22 09:25:46,405 DEBUG core.XpoUtility - Adding XPO type information for bingo_data
2025-10-22 09:25:46,405 DEBUG core.XpoUtility - Adding XPO type information for bingo_queries
2025-10-22 09:25:46,406 DEBUG core.XpoUtility - Adding XPO type information for bonus_membertype_link
2025-10-22 09:25:46,406 DEBUG core.XpoUtility - Adding XPO type information for bonus_type
2025-10-22 09:25:46,406 DEBUG core.XpoUtility - Adding XPO type information for breaktime
2025-10-22 09:25:46,406 DEBUG core.XpoUtility - Adding XPO type information for business
2025-10-22 09:25:46,406 DEBUG core.XpoUtility - Adding XPO type information for business_unit
2025-10-22 09:25:46,408 DEBUG core.XpoUtility - Adding XPO type information for business_unit_comp_div
2025-10-22 09:25:46,408 DEBUG core.XpoUtility - Adding XPO type information for business_unit_hiearchy
2025-10-22 09:25:46,409 DEBUG core.XpoUtility - Adding XPO type information for business_unit_po_dist
2025-10-22 09:25:46,409 DEBUG core.XpoUtility - Adding XPO type information for bu_paytype_link
2025-10-22 09:25:46,409 DEBUG core.XpoUtility - Adding XPO type information for cap_training_schedule
2025-10-22 09:25:46,409 DEBUG core.XpoUtility - Adding XPO type information for cellphone
2025-10-22 09:25:46,409 DEBUG core.XpoUtility - Adding XPO type information for cellphone_app_device
2025-10-22 09:25:46,409 DEBUG core.XpoUtility - Adding XPO type information for cellphone_app_imei
2025-10-22 09:25:46,409 DEBUG core.XpoUtility - Adding XPO type information for cellphone_app_sim
2025-10-22 09:25:46,409 DEBUG core.XpoUtility - Adding XPO type information for cellphone_carrier
2025-10-22 09:25:46,409 DEBUG core.XpoUtility - Adding XPO type information for cellphone_gps
2025-10-22 09:25:46,410 DEBUG core.XpoUtility - Adding XPO type information for cellphone_history
2025-10-22 09:25:46,410 DEBUG core.XpoUtility - Adding XPO type information for cellphone_number
2025-10-22 09:25:46,410 DEBUG core.XpoUtility - Adding XPO type information for cellphone_number_history
2025-10-22 09:25:46,410 DEBUG core.XpoUtility - Adding XPO type information for cellphone_status
2025-10-22 09:25:46,410 DEBUG core.XpoUtility - Adding XPO type information for certificates
2025-10-22 09:25:46,410 DEBUG core.XpoUtility - Adding XPO type information for certificates_credential_link
2025-10-22 09:25:46,410 DEBUG core.XpoUtility - Adding XPO type information for certificate_history
2025-10-22 09:25:46,410 DEBUG core.XpoUtility - Adding XPO type information for certificate_skill_link
2025-10-22 09:25:46,410 DEBUG core.XpoUtility - Adding XPO type information for certificate_training_link
2025-10-22 09:25:46,410 DEBUG core.XpoUtility - Adding XPO type information for chargeout
2025-10-22 09:25:46,410 DEBUG core.XpoUtility - Adding XPO type information for collection_history
2025-10-22 09:25:46,411 DEBUG core.XpoUtility - Adding XPO type information for contact
2025-10-22 09:25:46,411 DEBUG core.XpoUtility - Adding XPO type information for contactpage
2025-10-22 09:25:46,411 DEBUG core.XpoUtility - Adding XPO type information for contactpageprivilege
2025-10-22 09:25:46,411 DEBUG core.XpoUtility - Adding XPO type information for contact_history
2025-10-22 09:25:46,411 DEBUG core.XpoUtility - Adding XPO type information for contact_netsuite_map
2025-10-22 09:25:46,411 DEBUG core.XpoUtility - Adding XPO type information for conversion_map
2025-10-22 09:25:46,411 DEBUG core.XpoUtility - Adding XPO type information for conversion_unit
2025-10-22 09:25:46,411 DEBUG core.XpoUtility - Adding XPO type information for core_responsibilities
2025-10-22 09:25:46,412 DEBUG core.XpoUtility - Adding XPO type information for core_responsibilities_privilege
2025-10-22 09:25:46,412 DEBUG core.XpoUtility - Adding XPO type information for country
2025-10-22 09:25:46,412 DEBUG core.XpoUtility - Adding XPO type information for credit_cards
2025-10-22 09:25:46,412 DEBUG core.XpoUtility - Adding XPO type information for credit_card_purchase
2025-10-22 09:25:46,412 DEBUG core.XpoUtility - Adding XPO type information for credit_card_purchase_netsuite_xref
2025-10-22 09:25:46,413 DEBUG core.XpoUtility - Adding XPO type information for cr_certificates
2025-10-22 09:25:46,413 DEBUG core.XpoUtility - Adding XPO type information for cr_group
2025-10-22 09:25:46,413 DEBUG core.XpoUtility - Adding XPO type information for cr_qualifications
2025-10-22 09:25:46,413 DEBUG core.XpoUtility - Adding XPO type information for cr_review
2025-10-22 09:25:46,413 DEBUG core.XpoUtility - Adding XPO type information for cr_skills_link
2025-10-22 09:25:46,413 DEBUG core.XpoUtility - Adding XPO type information for cr_skills_priority
2025-10-22 09:25:46,413 DEBUG core.XpoUtility - Adding XPO type information for currency
2025-10-22 09:25:46,413 DEBUG core.XpoUtility - Adding XPO type information for currency_history
2025-10-22 09:25:46,413 DEBUG core.XpoUtility - Adding XPO type information for customer
2025-10-22 09:25:46,414 DEBUG core.XpoUtility - Adding XPO type information for customer_asset
2025-10-22 09:25:46,414 DEBUG core.XpoUtility - Adding XPO type information for customer_asset_history
2025-10-22 09:25:46,414 DEBUG core.XpoUtility - Adding XPO type information for customer_business_unit
2025-10-22 09:25:46,414 DEBUG core.XpoUtility - Adding XPO type information for customer_collection_status
2025-10-22 09:25:46,414 DEBUG core.XpoUtility - Adding XPO type information for customer_company
2025-10-22 09:25:46,414 DEBUG core.XpoUtility - Adding XPO type information for customer_default_invoice_types
2025-10-22 09:25:46,414 DEBUG core.XpoUtility - Adding XPO type information for customer_history
2025-10-22 09:25:46,415 DEBUG core.XpoUtility - Adding XPO type information for customer_internal_link
2025-10-22 09:25:46,415 DEBUG core.XpoUtility - Adding XPO type information for customer_netsuite_map
2025-10-22 09:25:46,415 DEBUG core.XpoUtility - Adding XPO type information for customer_origin
2025-10-22 09:25:46,415 DEBUG core.XpoUtility - Adding XPO type information for customer_or_contact_status
2025-10-22 09:25:46,415 DEBUG core.XpoUtility - Adding XPO type information for customer_rate
2025-10-22 09:25:46,415 DEBUG core.XpoUtility - Adding XPO type information for customer_sales_properties
2025-10-22 09:25:46,416 DEBUG core.XpoUtility - Adding XPO type information for customer_ticketheader
2025-10-22 09:25:46,416 DEBUG core.XpoUtility - Adding XPO type information for customer_ticketissues
2025-10-22 09:25:46,416 DEBUG core.XpoUtility - Adding XPO type information for customer_ticketmanager
2025-10-22 09:25:46,416 DEBUG core.XpoUtility - Adding XPO type information for customer_ticketpage
2025-10-22 09:25:46,416 DEBUG core.XpoUtility - Adding XPO type information for customer_ticketpriority
2025-10-22 09:25:46,416 DEBUG core.XpoUtility - Adding XPO type information for customer_ticketstatus
2025-10-22 09:25:46,416 DEBUG core.XpoUtility - Adding XPO type information for customer_tickettype
2025-10-22 09:25:46,416 DEBUG core.XpoUtility - Adding XPO type information for cust_vend_requests
2025-10-22 09:25:46,417 DEBUG core.XpoUtility - Adding XPO type information for daily_finance
2025-10-22 09:25:46,417 DEBUG core.XpoUtility - Adding XPO type information for dashboard
2025-10-22 09:25:46,417 DEBUG core.XpoUtility - Adding XPO type information for dashboardtmp
2025-10-22 09:25:46,417 DEBUG core.XpoUtility - Adding XPO type information for dashboard_header
2025-10-22 09:25:46,417 DEBUG core.XpoUtility - Adding XPO type information for dashboard_snapshot_daily
2025-10-22 09:25:46,418 DEBUG core.XpoUtility - Adding XPO type information for dashboard_snapshot_hist
2025-10-22 09:25:46,418 DEBUG core.XpoUtility - Adding XPO type information for dashboard_thresholds
2025-10-22 09:25:46,418 DEBUG core.XpoUtility - Adding XPO type information for days_off_canned_reasons
2025-10-22 09:25:46,418 DEBUG core.XpoUtility - Adding XPO type information for digitalsignage
2025-10-22 09:25:46,418 DEBUG core.XpoUtility - Adding XPO type information for distribution_group
2025-10-22 09:25:46,418 DEBUG core.XpoUtility - Adding XPO type information for distribution_group_link
2025-10-22 09:25:46,418 DEBUG core.XpoUtility - Adding XPO type information for download
2025-10-22 09:25:46,418 DEBUG core.XpoUtility - Adding XPO type information for downloadcat
2025-10-22 09:25:46,418 DEBUG core.XpoUtility - Adding XPO type information for edit_type
2025-10-22 09:25:46,419 DEBUG core.XpoUtility - Adding XPO type information for emaillog
2025-10-22 09:25:46,419 DEBUG core.XpoUtility - Adding XPO type information for emp_review
2025-10-22 09:25:46,419 DEBUG core.XpoUtility - Adding XPO type information for emp_review_group
2025-10-22 09:25:46,419 DEBUG core.XpoUtility - Adding XPO type information for emp_review_history
2025-10-22 09:25:46,419 DEBUG core.XpoUtility - Adding XPO type information for emp_review_items
2025-10-22 09:25:46,419 DEBUG core.XpoUtility - Adding XPO type information for emp_trm
2025-10-22 09:25:46,419 DEBUG core.XpoUtility - Adding XPO type information for emp_trm_chklist_lnk
2025-10-22 09:25:46,419 DEBUG core.XpoUtility - Adding XPO type information for emp_trm_chklist_opt
2025-10-22 09:25:46,419 DEBUG core.XpoUtility - Adding XPO type information for eritem
2025-10-22 09:25:46,420 DEBUG core.XpoUtility - Adding XPO type information for erjob
2025-10-22 09:25:46,420 DEBUG core.XpoUtility - Adding XPO type information for error
2025-10-22 09:25:46,420 DEBUG core.XpoUtility - Adding XPO type information for error_log
2025-10-22 09:25:46,420 DEBUG core.XpoUtility - Adding XPO type information for er_branch_data
2025-10-22 09:25:46,420 DEBUG core.XpoUtility - Adding XPO type information for er_vendor_data
2025-10-22 09:25:46,420 DEBUG core.XpoUtility - Adding XPO type information for event_table
2025-10-22 09:25:46,420 DEBUG core.XpoUtility - Adding XPO type information for expense_category
2025-10-22 09:25:46,420 DEBUG core.XpoUtility - Adding XPO type information for expense_category_business_unit
2025-10-22 09:25:46,420 DEBUG core.XpoUtility - Adding XPO type information for expense_reimbursement
2025-10-22 09:25:46,421 DEBUG core.XpoUtility - Adding XPO type information for expense_reimbursement_netsuite_xref
2025-10-22 09:25:46,421 DEBUG core.XpoUtility - Adding XPO type information for expense_seller
2025-10-22 09:25:46,421 DEBUG core.XpoUtility - Adding XPO type information for ext_website_credentials
2025-10-22 09:25:46,421 DEBUG core.XpoUtility - Adding XPO type information for failed_login
2025-10-22 09:25:46,421 DEBUG core.XpoUtility - Adding XPO type information for faq
2025-10-22 09:25:46,421 DEBUG core.XpoUtility - Adding XPO type information for faq_section
2025-10-22 09:25:46,421 DEBUG core.XpoUtility - Adding XPO type information for fytarget
2025-10-22 09:25:46,421 DEBUG core.XpoUtility - Adding XPO type information for fytarget_employees
2025-10-22 09:25:46,421 DEBUG core.XpoUtility - Adding XPO type information for gantt_data
2025-10-22 09:25:46,421 DEBUG core.XpoUtility - Adding XPO type information for gltrans
2025-10-22 09:25:46,422 DEBUG core.XpoUtility - Adding XPO type information for gl_chart_of_accounts
2025-10-22 09:25:46,423 DEBUG core.XpoUtility - Adding XPO type information for gl_chart_of_accounts_staging
2025-10-22 09:25:46,424 DEBUG core.XpoUtility - Adding XPO type information for gl_control_accounts
2025-10-22 09:25:46,424 DEBUG core.XpoUtility - Adding XPO type information for gl_group_te
2025-10-22 09:25:46,424 DEBUG core.XpoUtility - Adding XPO type information for gl_note_te
2025-10-22 09:25:46,424 DEBUG core.XpoUtility - Adding XPO type information for gl_special_accounts
2025-10-22 09:25:46,424 DEBUG core.XpoUtility - Adding XPO type information for gl_special_account_te_link
2025-10-22 09:25:46,424 DEBUG core.XpoUtility - Adding XPO type information for gl_subgroup_te
2025-10-22 09:25:46,424 DEBUG core.XpoUtility - Adding XPO type information for gl_te
2025-10-22 09:25:46,425 DEBUG core.XpoUtility - Adding XPO type information for gl_type_mapping
2025-10-22 09:25:46,425 DEBUG core.XpoUtility - Adding XPO type information for graph
2025-10-22 09:25:46,425 DEBUG core.XpoUtility - Adding XPO type information for gridviewlayouts
2025-10-22 09:25:46,425 DEBUG core.XpoUtility - Adding XPO type information for historycust
2025-10-22 09:25:46,425 DEBUG core.XpoUtility - Adding XPO type information for historypo
2025-10-22 09:25:46,425 DEBUG core.XpoUtility - Adding XPO type information for history_action_type
2025-10-22 09:25:46,425 DEBUG core.XpoUtility - Adding XPO type information for holidays
2025-10-22 09:25:46,425 DEBUG core.XpoUtility - Adding XPO type information for huddle
2025-10-22 09:25:46,425 DEBUG core.XpoUtility - Adding XPO type information for huddle_source
2025-10-22 09:25:46,425 DEBUG core.XpoUtility - Adding XPO type information for huddle_task
2025-10-22 09:25:46,425 DEBUG core.XpoUtility - Adding XPO type information for huddle_task_comments
2025-10-22 09:25:46,425 DEBUG core.XpoUtility - Adding XPO type information for huddle_user
2025-10-22 09:25:46,425 DEBUG core.XpoUtility - Adding XPO type information for hu_snapshot
2025-10-22 09:25:46,426 DEBUG core.XpoUtility - Adding XPO type information for inc_stmt_note
2025-10-22 09:25:46,426 DEBUG core.XpoUtility - Adding XPO type information for internal_companyno
2025-10-22 09:25:46,426 DEBUG core.XpoUtility - Adding XPO type information for internal_project
2025-10-22 09:25:46,426 DEBUG core.XpoUtility - Adding XPO type information for invattribute
2025-10-22 09:25:46,426 DEBUG core.XpoUtility - Adding XPO type information for inventory_alternate
2025-10-22 09:25:46,426 DEBUG core.XpoUtility - Adding XPO type information for inventory_annual_counts
2025-10-22 09:25:46,426 DEBUG core.XpoUtility - Adding XPO type information for inventory_annual_counts_history
2025-10-22 09:25:46,426 DEBUG core.XpoUtility - Adding XPO type information for inventory_annual_count_header
2025-10-22 09:25:46,426 DEBUG core.XpoUtility - Adding XPO type information for inventory_attribute
2025-10-22 09:25:46,428 DEBUG core.XpoUtility - Adding XPO type information for inventory_attribute_value
2025-10-22 09:25:46,428 DEBUG core.XpoUtility - Adding XPO type information for inventory_audit
2025-10-22 09:25:46,428 DEBUG core.XpoUtility - Adding XPO type information for inventory_barcode
2025-10-22 09:25:46,428 DEBUG core.XpoUtility - Adding XPO type information for inventory_branch
2025-10-22 09:25:46,428 DEBUG core.XpoUtility - Adding XPO type information for inventory_branch_options
2025-10-22 09:25:46,428 DEBUG core.XpoUtility - Adding XPO type information for inventory_consignment
2025-10-22 09:25:46,428 DEBUG core.XpoUtility - Adding XPO type information for inventory_cost
2025-10-22 09:25:46,429 DEBUG core.XpoUtility - Adding XPO type information for inventory_description
2025-10-22 09:25:46,429 DEBUG core.XpoUtility - Adding XPO type information for inventory_dollar_balance_daily
2025-10-22 09:25:46,429 DEBUG core.XpoUtility - Adding XPO type information for inventory_expiry_period
2025-10-22 09:25:46,429 DEBUG core.XpoUtility - Adding XPO type information for inventory_group_dtl
2025-10-22 09:25:46,429 DEBUG core.XpoUtility - Adding XPO type information for inventory_group_hdr
2025-10-22 09:25:46,429 DEBUG core.XpoUtility - Adding XPO type information for inventory_history
2025-10-22 09:25:46,429 DEBUG core.XpoUtility - Adding XPO type information for inventory_import_stage
2025-10-22 09:25:46,429 DEBUG core.XpoUtility - Adding XPO type information for inventory_incorrect_levels
2025-10-22 09:25:46,429 DEBUG core.XpoUtility - Adding XPO type information for inventory_item_detail
2025-10-22 09:25:46,429 DEBUG core.XpoUtility - Adding XPO type information for inventory_item_master
2025-10-22 09:25:46,429 DEBUG core.XpoUtility - Adding XPO type information for inventory_kit_dtl
2025-10-22 09:25:46,430 DEBUG core.XpoUtility - Adding XPO type information for inventory_kit_hdr
2025-10-22 09:25:46,430 DEBUG core.XpoUtility - Adding XPO type information for inventory_location
2025-10-22 09:25:46,430 DEBUG core.XpoUtility - Adding XPO type information for inventory_location_master
2025-10-22 09:25:46,430 DEBUG core.XpoUtility - Adding XPO type information for inventory_location_type
2025-10-22 09:25:46,430 DEBUG core.XpoUtility - Adding XPO type information for inventory_note
2025-10-22 09:25:46,430 DEBUG core.XpoUtility - Adding XPO type information for inventory_per_unit
2025-10-22 09:25:46,430 DEBUG core.XpoUtility - Adding XPO type information for inventory_picture
2025-10-22 09:25:46,430 DEBUG core.XpoUtility - Adding XPO type information for inventory_price
2025-10-22 09:25:46,432 DEBUG core.XpoUtility - Adding XPO type information for inventory_price_history
2025-10-22 09:25:46,432 DEBUG core.XpoUtility - Adding XPO type information for inventory_reference
2025-10-22 09:25:46,432 DEBUG core.XpoUtility - Adding XPO type information for inventory_referencetype
2025-10-22 09:25:46,432 DEBUG core.XpoUtility - Adding XPO type information for inventory_sellprice
2025-10-22 09:25:46,432 DEBUG core.XpoUtility - Adding XPO type information for inventory_sellprice_history
2025-10-22 09:25:46,432 DEBUG core.XpoUtility - Adding XPO type information for inventory_sold_as
2025-10-22 09:25:46,433 DEBUG core.XpoUtility - Adding XPO type information for inventory_tag
2025-10-22 09:25:46,433 DEBUG core.XpoUtility - Adding XPO type information for inventory_tag_link
2025-10-22 09:25:46,433 DEBUG core.XpoUtility - Adding XPO type information for inventory_tag_preset
2025-10-22 09:25:46,434 DEBUG core.XpoUtility - Adding XPO type information for inventory_tag_tradename
2025-10-22 09:25:46,434 DEBUG core.XpoUtility - Adding XPO type information for inventory_tax
2025-10-22 09:25:46,434 DEBUG core.XpoUtility - Adding XPO type information for inventory_usage
2025-10-22 09:25:46,434 DEBUG core.XpoUtility - Adding XPO type information for inventory_usage_copy
2025-10-22 09:25:46,434 DEBUG core.XpoUtility - Adding XPO type information for invoice_collection_status
2025-10-22 09:25:46,434 DEBUG core.XpoUtility - Adding XPO type information for invoice_service_email_report_history
2025-10-22 09:25:46,434 DEBUG core.XpoUtility - Adding XPO type information for journal_entry
2025-10-22 09:25:46,434 DEBUG core.XpoUtility - Adding XPO type information for journal_entry_line
2025-10-22 09:25:46,435 DEBUG core.XpoUtility - Adding XPO type information for leavetype
2025-10-22 09:25:46,435 DEBUG core.XpoUtility - Adding XPO type information for log
2025-10-22 09:25:46,435 DEBUG core.XpoUtility - Adding XPO type information for logging_agent_error_log
2025-10-22 09:25:46,435 DEBUG core.XpoUtility - Adding XPO type information for log_action
2025-10-22 09:25:46,435 DEBUG core.XpoUtility - Adding XPO type information for log_page
2025-10-22 09:25:46,435 DEBUG core.XpoUtility - Adding XPO type information for log_page_asax
2025-10-22 09:25:46,435 DEBUG core.XpoUtility - Adding XPO type information for log_section
2025-10-22 09:25:46,435 DEBUG core.XpoUtility - Adding XPO type information for manufacturer
2025-10-22 09:25:46,435 DEBUG core.XpoUtility - Adding XPO type information for manufacturervendor
2025-10-22 09:25:46,435 DEBUG core.XpoUtility - Adding XPO type information for markup_formula
2025-10-22 09:25:46,436 DEBUG core.XpoUtility - Adding XPO type information for master_skills
2025-10-22 09:25:46,436 DEBUG core.XpoUtility - Adding XPO type information for master_skill_review_questions
2025-10-22 09:25:46,436 DEBUG core.XpoUtility - Adding XPO type information for matt
2025-10-22 09:25:46,436 DEBUG core.XpoUtility - Adding XPO type information for member
2025-10-22 09:25:46,438 DEBUG core.XpoUtility - Adding XPO type information for memberaddressaudit
2025-10-22 09:25:46,439 DEBUG core.XpoUtility - Adding XPO type information for memberdaysoff
2025-10-22 09:25:46,439 DEBUG core.XpoUtility - Adding XPO type information for memberdaysoffack
2025-10-22 09:25:46,439 DEBUG core.XpoUtility - Adding XPO type information for memberdivision
2025-10-22 09:25:46,439 DEBUG core.XpoUtility - Adding XPO type information for membergraph
2025-10-22 09:25:46,439 DEBUG core.XpoUtility - Adding XPO type information for membernote
2025-10-22 09:25:46,439 DEBUG core.XpoUtility - Adding XPO type information for memberoffer_cr
2025-10-22 09:25:46,439 DEBUG core.XpoUtility - Adding XPO type information for memberoffer_milestones
2025-10-22 09:25:46,439 DEBUG core.XpoUtility - Adding XPO type information for memberpage
2025-10-22 09:25:46,439 DEBUG core.XpoUtility - Adding XPO type information for memberpageprivilege
2025-10-22 09:25:46,440 DEBUG core.XpoUtility - Adding XPO type information for membertime
2025-10-22 09:25:46,440 DEBUG core.XpoUtility - Adding XPO type information for membertimeaudit
2025-10-22 09:25:46,440 DEBUG core.XpoUtility - Adding XPO type information for membertime_netsuite_xref
2025-10-22 09:25:46,440 DEBUG core.XpoUtility - Adding XPO type information for membertime_projecttask
2025-10-22 09:25:46,440 DEBUG core.XpoUtility - Adding XPO type information for membertime_projecttask_netsuite_xref
2025-10-22 09:25:46,441 DEBUG core.XpoUtility - Adding XPO type information for membertime_shop_link
2025-10-22 09:25:46,441 DEBUG core.XpoUtility - Adding XPO type information for membertime_shop_type
2025-10-22 09:25:46,441 DEBUG core.XpoUtility - Adding XPO type information for membertime_tags
2025-10-22 09:25:46,441 DEBUG core.XpoUtility - Adding XPO type information for membertime_ts_lite_paytypes
2025-10-22 09:25:46,441 DEBUG core.XpoUtility - Adding XPO type information for membertime_type
2025-10-22 09:25:46,441 DEBUG core.XpoUtility - Adding XPO type information for membertime_type_gl_link
2025-10-22 09:25:46,441 DEBUG core.XpoUtility - Adding XPO type information for membertype
2025-10-22 09:25:46,441 DEBUG core.XpoUtility - Adding XPO type information for membertypehours
2025-10-22 09:25:46,442 DEBUG core.XpoUtility - Adding XPO type information for membertypepage
2025-10-22 09:25:46,442 DEBUG core.XpoUtility - Adding XPO type information for membertypepageprivilege
2025-10-22 09:25:46,442 DEBUG core.XpoUtility - Adding XPO type information for membertype_auto_reports
2025-10-22 09:25:46,442 DEBUG core.XpoUtility - Adding XPO type information for membertype_chargeout
2025-10-22 09:25:46,442 DEBUG core.XpoUtility - Adding XPO type information for membertype_chargeout_back
2025-10-22 09:25:46,442 DEBUG core.XpoUtility - Adding XPO type information for membertype_chargeout_history
2025-10-22 09:25:46,442 DEBUG core.XpoUtility - Adding XPO type information for membertype_classification
2025-10-22 09:25:46,442 DEBUG core.XpoUtility - Adding XPO type information for membertype_responsibilities
2025-10-22 09:25:46,442 DEBUG core.XpoUtility - Adding XPO type information for memberwage
2025-10-22 09:25:46,442 DEBUG core.XpoUtility - Adding XPO type information for memberx
2025-10-22 09:25:46,443 DEBUG core.XpoUtility - Adding XPO type information for member_apprentice_level
2025-10-22 09:25:46,443 DEBUG core.XpoUtility - Adding XPO type information for member_certificates
2025-10-22 09:25:46,443 DEBUG core.XpoUtility - Adding XPO type information for member_fvr_dtl
2025-10-22 09:25:46,443 DEBUG core.XpoUtility - Adding XPO type information for member_fvr_hdr
2025-10-22 09:25:46,443 DEBUG core.XpoUtility - Adding XPO type information for member_fvr_history
2025-10-22 09:25:46,444 DEBUG core.XpoUtility - Adding XPO type information for member_fvr_status
2025-10-22 09:25:46,444 DEBUG core.XpoUtility - Adding XPO type information for member_fvr_tab
2025-10-22 09:25:46,444 DEBUG core.XpoUtility - Adding XPO type information for member_fvr_template_detail
2025-10-22 09:25:46,444 DEBUG core.XpoUtility - Adding XPO type information for member_fvr_template_header
2025-10-22 09:25:46,444 DEBUG core.XpoUtility - Adding XPO type information for member_hrstatus
2025-10-22 09:25:46,444 DEBUG core.XpoUtility - Adding XPO type information for member_import_stage
2025-10-22 09:25:46,444 DEBUG core.XpoUtility - Adding XPO type information for member_i_template
2025-10-22 09:25:46,444 DEBUG core.XpoUtility - Adding XPO type information for member_netsuite_xref
2025-10-22 09:25:46,444 DEBUG core.XpoUtility - Adding XPO type information for member_offers
2025-10-22 09:25:46,444 DEBUG core.XpoUtility - Adding XPO type information for member_offers_prod
2025-10-22 09:25:46,445 DEBUG core.XpoUtility - Adding XPO type information for member_offers_uat
2025-10-22 09:25:46,445 DEBUG core.XpoUtility - Adding XPO type information for member_paytype
2025-10-22 09:25:46,445 DEBUG core.XpoUtility - Adding XPO type information for member_skills
2025-10-22 09:25:46,445 DEBUG core.XpoUtility - Adding XPO type information for member_task_cc
2025-10-22 09:25:46,445 DEBUG core.XpoUtility - Adding XPO type information for member_temp
2025-10-22 09:25:46,445 DEBUG core.XpoUtility - Adding XPO type information for member_tile
2025-10-22 09:25:46,445 DEBUG core.XpoUtility - Adding XPO type information for member_tile_type
2025-10-22 09:25:46,445 DEBUG core.XpoUtility - Adding XPO type information for member_tile_type_link
2025-10-22 09:25:46,445 DEBUG core.XpoUtility - Adding XPO type information for member_timesheet_accuracy
2025-10-22 09:25:46,445 DEBUG core.XpoUtility - Adding XPO type information for member_todo_list_helper
2025-10-22 09:25:46,446 DEBUG core.XpoUtility - Adding XPO type information for message
2025-10-22 09:25:46,446 DEBUG core.XpoUtility - Adding XPO type information for messageboard_chat
2025-10-22 09:25:46,446 DEBUG core.XpoUtility - Adding XPO type information for messageto
2025-10-22 09:25:46,446 DEBUG core.XpoUtility - Adding XPO type information for messagetype
2025-10-22 09:25:46,446 DEBUG core.XpoUtility - Adding XPO type information for migration_expense_category_for_po
2025-10-22 09:25:46,446 DEBUG core.XpoUtility - Adding XPO type information for n2_profile_category
2025-10-22 09:25:46,446 DEBUG core.XpoUtility - Adding XPO type information for n2_profile_property
2025-10-22 09:25:46,446 DEBUG core.XpoUtility - Adding XPO type information for n2_user_profile
2025-10-22 09:25:46,446 DEBUG core.XpoUtility - Adding XPO type information for nesi_conversion_table
2025-10-22 09:25:46,446 DEBUG core.XpoUtility - Adding XPO type information for netsuite_queue
2025-10-22 09:25:46,446 DEBUG core.XpoUtility - Adding XPO type information for netsuite_sync_error
2025-10-22 09:25:46,446 DEBUG core.XpoUtility - Adding XPO type information for new_milestone
2025-10-22 09:25:46,446 DEBUG core.XpoUtility - Adding XPO type information for ne_file_revision
2025-10-22 09:25:46,446 DEBUG core.XpoUtility - Adding XPO type information for ne_session
2025-10-22 09:25:46,447 DEBUG core.XpoUtility - Adding XPO type information for note_templates
2025-10-22 09:25:46,447 DEBUG core.XpoUtility - Adding XPO type information for oncall_schedule
2025-10-22 09:25:46,447 DEBUG core.XpoUtility - Adding XPO type information for ownership
2025-10-22 09:25:46,447 DEBUG core.XpoUtility - Adding XPO type information for page
2025-10-22 09:25:46,447 DEBUG core.XpoUtility - Adding XPO type information for pageprivilege
2025-10-22 09:25:46,447 DEBUG core.XpoUtility - Adding XPO type information for pageprivilege_template
2025-10-22 09:25:46,447 DEBUG core.XpoUtility - Adding XPO type information for pageprivilege_template_item
2025-10-22 09:25:46,447 DEBUG core.XpoUtility - Adding XPO type information for page_related
2025-10-22 09:25:46,447 DEBUG core.XpoUtility - Adding XPO type information for page_wiki
2025-10-22 09:25:46,447 DEBUG core.XpoUtility - Adding XPO type information for partner_skills
2025-10-22 09:25:46,448 DEBUG core.XpoUtility - Adding XPO type information for part_request
2025-10-22 09:25:46,448 DEBUG core.XpoUtility - Adding XPO type information for part_request_history
2025-10-22 09:25:46,448 DEBUG core.XpoUtility - Adding XPO type information for part_request_origin
2025-10-22 09:25:46,448 DEBUG core.XpoUtility - Adding XPO type information for part_request_statuslist
2025-10-22 09:25:46,448 DEBUG core.XpoUtility - Adding XPO type information for passport
2025-10-22 09:25:46,448 DEBUG core.XpoUtility - Adding XPO type information for payperiods
2025-10-22 09:25:46,448 DEBUG core.XpoUtility - Adding XPO type information for payperiod_tax_entity
2025-10-22 09:25:46,448 DEBUG core.XpoUtility - Adding XPO type information for payroll
2025-10-22 09:25:46,448 DEBUG core.XpoUtility - Adding XPO type information for payroll_entry_types
2025-10-22 09:25:46,448 DEBUG core.XpoUtility - Adding XPO type information for payroll_extra_payments
2025-10-22 09:25:46,448 DEBUG core.XpoUtility - Adding XPO type information for payroll_hours
2025-10-22 09:25:46,449 DEBUG core.XpoUtility - Adding XPO type information for payroll_progress
2025-10-22 09:25:46,449 DEBUG core.XpoUtility - Adding XPO type information for paytypehours
2025-10-22 09:25:46,449 DEBUG core.XpoUtility - Adding XPO type information for phone_log
2025-10-22 09:25:46,449 DEBUG core.XpoUtility - Adding XPO type information for phone_numbers
2025-10-22 09:25:46,449 DEBUG core.XpoUtility - Adding XPO type information for poprogcomment
2025-10-22 09:25:46,449 DEBUG core.XpoUtility - Adding XPO type information for poprogstatus
2025-10-22 09:25:46,449 DEBUG core.XpoUtility - Adding XPO type information for poprog_cc
2025-10-22 09:25:46,449 DEBUG core.XpoUtility - Adding XPO type information for poprog_header
2025-10-22 09:25:46,450 DEBUG core.XpoUtility - Adding XPO type information for poprog_notes
2025-10-22 09:25:46,450 DEBUG core.XpoUtility - Adding XPO type information for poprog_part_history
2025-10-22 09:25:46,450 DEBUG core.XpoUtility - Adding XPO type information for poprog_payment_method
2025-10-22 09:25:46,450 DEBUG core.XpoUtility - Adding XPO type information for poprog_scans
2025-10-22 09:25:46,450 DEBUG core.XpoUtility - Adding XPO type information for poprog_shipping
2025-10-22 09:25:46,450 DEBUG core.XpoUtility - Adding XPO type information for poprog_status
2025-10-22 09:25:46,450 DEBUG core.XpoUtility - Adding XPO type information for po_details_current
2025-10-22 09:25:46,450 DEBUG core.XpoUtility - Adding XPO type information for po_gl_acct
2025-10-22 09:25:46,450 DEBUG core.XpoUtility - Adding XPO type information for po_import_stage
2025-10-22 09:25:46,451 DEBUG core.XpoUtility - Adding XPO type information for po_line_import_stage
2025-10-22 09:25:46,451 DEBUG core.XpoUtility - Adding XPO type information for privilege
2025-10-22 09:25:46,451 DEBUG core.XpoUtility - Adding XPO type information for privilege_detail
2025-10-22 09:25:46,451 DEBUG core.XpoUtility - Adding XPO type information for privilege_global
2025-10-22 09:25:46,451 DEBUG core.XpoUtility - Adding XPO type information for privilege_global_link
2025-10-22 09:25:46,451 DEBUG core.XpoUtility - Adding XPO type information for privilege_global_link_type
2025-10-22 09:25:46,451 DEBUG core.XpoUtility - Adding XPO type information for progress_billings
2025-10-22 09:25:46,451 DEBUG core.XpoUtility - Adding XPO type information for properties
2025-10-22 09:25:46,451 DEBUG core.XpoUtility - Adding XPO type information for prov
2025-10-22 09:25:46,451 DEBUG core.XpoUtility - Adding XPO type information for qualifications
2025-10-22 09:25:46,451 DEBUG core.XpoUtility - Adding XPO type information for quick_extensions
2025-10-22 09:25:46,451 DEBUG core.XpoUtility - Adding XPO type information for quote_canned_description
2025-10-22 09:25:46,451 DEBUG core.XpoUtility - Adding XPO type information for quote_chance
2025-10-22 09:25:46,451 DEBUG core.XpoUtility - Adding XPO type information for quote_competitor
2025-10-22 09:25:46,451 DEBUG core.XpoUtility - Adding XPO type information for quote_cust_notes
2025-10-22 09:25:46,451 DEBUG core.XpoUtility - Adding XPO type information for quote_extratext
2025-10-22 09:25:46,452 DEBUG core.XpoUtility - Adding XPO type information for quote_field_title
2025-10-22 09:25:46,452 DEBUG core.XpoUtility - Adding XPO type information for quote_filter
2025-10-22 09:25:46,452 DEBUG core.XpoUtility - Adding XPO type information for quote_filter_questions
2025-10-22 09:25:46,452 DEBUG core.XpoUtility - Adding XPO type information for quote_follow_up
2025-10-22 09:25:46,452 DEBUG core.XpoUtility - Adding XPO type information for quote_history
2025-10-22 09:25:46,452 DEBUG core.XpoUtility - Adding XPO type information for quote_kill_reason
2025-10-22 09:25:46,452 DEBUG core.XpoUtility - Adding XPO type information for quote_kill_reason_map
2025-10-22 09:25:46,452 DEBUG core.XpoUtility - Adding XPO type information for quote_kill_tier
2025-10-22 09:25:46,452 DEBUG core.XpoUtility - Adding XPO type information for quote_master
2025-10-22 09:25:46,453 DEBUG core.XpoUtility - Adding XPO type information for quote_post_mortem
2025-10-22 09:25:46,453 DEBUG core.XpoUtility - Adding XPO type information for quote_post_mortem_questions
2025-10-22 09:25:46,453 DEBUG core.XpoUtility - Adding XPO type information for quote_pricetype
2025-10-22 09:25:46,453 DEBUG core.XpoUtility - Adding XPO type information for quote_process_questions
2025-10-22 09:25:46,453 DEBUG core.XpoUtility - Adding XPO type information for quote_process_question_history
2025-10-22 09:25:46,453 DEBUG core.XpoUtility - Adding XPO type information for quote_received_reason
2025-10-22 09:25:46,453 DEBUG core.XpoUtility - Adding XPO type information for quote_received_reason_map
2025-10-22 09:25:46,453 DEBUG core.XpoUtility - Adding XPO type information for quote_schedule
2025-10-22 09:25:46,454 DEBUG core.XpoUtility - Adding XPO type information for quote_section
2025-10-22 09:25:46,454 DEBUG core.XpoUtility - Adding XPO type information for quote_status
2025-10-22 09:25:46,454 DEBUG core.XpoUtility - Adding XPO type information for quote_term
2025-10-22 09:25:46,455 DEBUG core.XpoUtility - Adding XPO type information for quote_worksheet
2025-10-22 09:25:46,455 DEBUG core.XpoUtility - Adding XPO type information for quote_worksheet_current_cost
2025-10-22 09:25:46,455 DEBUG core.XpoUtility - Adding XPO type information for rd
2025-10-22 09:25:46,455 DEBUG core.XpoUtility - Adding XPO type information for releases
2025-10-22 09:25:46,455 DEBUG core.XpoUtility - Adding XPO type information for rental_equipment
2025-10-22 09:25:46,455 DEBUG core.XpoUtility - Adding XPO type information for rental_equipment_category
2025-10-22 09:25:46,455 DEBUG core.XpoUtility - Adding XPO type information for report
2025-10-22 09:25:46,455 DEBUG core.XpoUtility - Adding XPO type information for reports_to_helper
2025-10-22 09:25:46,456 DEBUG core.XpoUtility - Adding XPO type information for revenue_line
2025-10-22 09:25:46,456 DEBUG core.XpoUtility - Adding XPO type information for revenue_line_business_unit
2025-10-22 09:25:46,456 DEBUG core.XpoUtility - Adding XPO type information for rfq_header
2025-10-22 09:25:46,456 DEBUG core.XpoUtility - Adding XPO type information for rfq_lineitem
2025-10-22 09:25:46,456 DEBUG core.XpoUtility - Adding XPO type information for rfq_part_list
2025-10-22 09:25:46,456 DEBUG core.XpoUtility - Adding XPO type information for rfq_vendor_list
2025-10-22 09:25:46,456 DEBUG core.XpoUtility - Adding XPO type information for rss_feed
2025-10-22 09:25:46,456 DEBUG core.XpoUtility - Adding XPO type information for r_engine_category
2025-10-22 09:25:46,456 DEBUG core.XpoUtility - Adding XPO type information for r_engine_permission
2025-10-22 09:25:46,457 DEBUG core.XpoUtility - Adding XPO type information for r_engine_report
2025-10-22 09:25:46,457 DEBUG core.XpoUtility - Adding XPO type information for salesperson
2025-10-22 09:25:46,457 DEBUG core.XpoUtility - Adding XPO type information for section
2025-10-22 09:25:46,457 DEBUG core.XpoUtility - Adding XPO type information for session
2025-10-22 09:25:46,457 DEBUG core.XpoUtility - Adding XPO type information for session_collection
2025-10-22 09:25:46,457 DEBUG core.XpoUtility - Adding XPO type information for ship
2025-10-22 09:25:46,457 DEBUG core.XpoUtility - Adding XPO type information for shopping_cart
2025-10-22 09:25:46,457 DEBUG core.XpoUtility - Adding XPO type information for shopping_cart_header
2025-10-22 09:25:46,457 DEBUG core.XpoUtility - Adding XPO type information for signature
2025-10-22 09:25:46,457 DEBUG core.XpoUtility - Adding XPO type information for specific_notes
2025-10-22 09:25:46,457 DEBUG core.XpoUtility - Adding XPO type information for stbb_bymonth
2025-10-22 09:25:46,457 DEBUG core.XpoUtility - Adding XPO type information for stock_transfer
2025-10-22 09:25:46,458 DEBUG core.XpoUtility - Adding XPO type information for stock_transfer_type
2025-10-22 09:25:46,458 DEBUG core.XpoUtility - Adding XPO type information for suggestion
2025-10-22 09:25:46,458 DEBUG core.XpoUtility - Adding XPO type information for target
2025-10-22 09:25:46,458 DEBUG core.XpoUtility - Adding XPO type information for target_type
2025-10-22 09:25:46,458 DEBUG core.XpoUtility - Adding XPO type information for task
2025-10-22 09:25:46,458 DEBUG core.XpoUtility - Adding XPO type information for task_history
2025-10-22 09:25:46,459 DEBUG core.XpoUtility - Adding XPO type information for task_member
2025-10-22 09:25:46,459 DEBUG core.XpoUtility - Adding XPO type information for task_status
2025-10-22 09:25:46,459 DEBUG core.XpoUtility - Adding XPO type information for tax
2025-10-22 09:25:46,459 DEBUG core.XpoUtility - Adding XPO type information for tax_entity
2025-10-22 09:25:46,459 DEBUG core.XpoUtility - Adding XPO type information for tax_entity_group
2025-10-22 09:25:46,459 DEBUG core.XpoUtility - Adding XPO type information for tax_entity_group_link
2025-10-22 09:25:46,460 DEBUG core.XpoUtility - Adding XPO type information for tax_entity_hiearchy
2025-10-22 09:25:46,460 DEBUG core.XpoUtility - Adding XPO type information for tax_entity_hierarchy
2025-10-22 09:25:46,460 DEBUG core.XpoUtility - Adding XPO type information for term
2025-10-22 09:25:46,460 DEBUG core.XpoUtility - Adding XPO type information for territory_mapping
2025-10-22 09:25:46,460 DEBUG core.XpoUtility - Adding XPO type information for ticketheader
2025-10-22 09:25:46,460 DEBUG core.XpoUtility - Adding XPO type information for ticketissues
2025-10-22 09:25:46,460 DEBUG core.XpoUtility - Adding XPO type information for ticketmanager
2025-10-22 09:25:46,460 DEBUG core.XpoUtility - Adding XPO type information for ticketpage
2025-10-22 09:25:46,460 DEBUG core.XpoUtility - Adding XPO type information for ticketpriority
2025-10-22 09:25:46,461 DEBUG core.XpoUtility - Adding XPO type information for ticketstatus
2025-10-22 09:25:46,461 DEBUG core.XpoUtility - Adding XPO type information for tickettype
2025-10-22 09:25:46,461 DEBUG core.XpoUtility - Adding XPO type information for ticket_files
2025-10-22 09:25:46,461 DEBUG core.XpoUtility - Adding XPO type information for ticket_group
2025-10-22 09:25:46,461 DEBUG core.XpoUtility - Adding XPO type information for ticket_group_type_link
2025-10-22 09:25:46,461 DEBUG core.XpoUtility - Adding XPO type information for ticket_memberview
2025-10-22 09:25:46,461 DEBUG core.XpoUtility - Adding XPO type information for ticket_tasks
2025-10-22 09:25:46,461 DEBUG core.XpoUtility - Adding XPO type information for ticket_team
2025-10-22 09:25:46,461 DEBUG core.XpoUtility - Adding XPO type information for ticket_team_memberid
2025-10-22 09:25:46,461 DEBUG core.XpoUtility - Adding XPO type information for ticket_vote
2025-10-22 09:25:46,461 DEBUG core.XpoUtility - Adding XPO type information for titles
2025-10-22 09:25:46,462 DEBUG core.XpoUtility - Adding XPO type information for tmp_woprog
2025-10-22 09:25:46,463 DEBUG core.XpoUtility - Adding XPO type information for training_curriculum
2025-10-22 09:25:46,463 DEBUG core.XpoUtility - Adding XPO type information for training_header
2025-10-22 09:25:46,463 DEBUG core.XpoUtility - Adding XPO type information for training_header_history
2025-10-22 09:25:46,463 DEBUG core.XpoUtility - Adding XPO type information for training_history
2025-10-22 09:25:46,463 DEBUG core.XpoUtility - Adding XPO type information for training_module
2025-10-22 09:25:46,463 DEBUG core.XpoUtility - Adding XPO type information for training_schedule
2025-10-22 09:25:46,464 DEBUG core.XpoUtility - Adding XPO type information for training_type
2025-10-22 09:25:46,464 DEBUG core.XpoUtility - Adding XPO type information for truck_history
2025-10-22 09:25:46,464 DEBUG core.XpoUtility - Adding XPO type information for user_switch
2025-10-22 09:25:46,464 DEBUG core.XpoUtility - Adding XPO type information for vacation_log
2025-10-22 09:25:46,464 DEBUG core.XpoUtility - Adding XPO type information for vacation_master
2025-10-22 09:25:46,464 DEBUG core.XpoUtility - Adding XPO type information for vacation_note
2025-10-22 09:25:46,464 DEBUG core.XpoUtility - Adding XPO type information for vacation_payment_method
2025-10-22 09:25:46,464 DEBUG core.XpoUtility - Adding XPO type information for vacation_status
2025-10-22 09:25:46,464 DEBUG core.XpoUtility - Adding XPO type information for vacation_transactions
2025-10-22 09:25:46,464 DEBUG core.XpoUtility - Adding XPO type information for vacation_type
2025-10-22 09:25:46,464 DEBUG core.XpoUtility - Adding XPO type information for vendor
2025-10-22 09:25:46,465 DEBUG core.XpoUtility - Adding XPO type information for vendor_business_unit
2025-10-22 09:25:46,465 DEBUG core.XpoUtility - Adding XPO type information for vendor_documents
2025-10-22 09:25:46,465 DEBUG core.XpoUtility - Adding XPO type information for vendor_merge_history
2025-10-22 09:25:46,465 DEBUG core.XpoUtility - Adding XPO type information for vendor_netsuite_map
2025-10-22 09:25:46,465 DEBUG core.XpoUtility - Adding XPO type information for video
2025-10-22 09:25:46,465 DEBUG core.XpoUtility - Adding XPO type information for video_category
2025-10-22 09:25:46,465 DEBUG core.XpoUtility - Adding XPO type information for video_page_lnk
2025-10-22 09:25:46,465 DEBUG core.XpoUtility - Adding XPO type information for video_privilege
2025-10-22 09:25:46,465 DEBUG core.XpoUtility - Adding XPO type information for video_watch_history
2025-10-22 09:25:46,466 DEBUG core.XpoUtility - Adding XPO type information for visible_business_units
2025-10-22 09:25:46,466 DEBUG core.XpoUtility - Adding XPO type information for watch
2025-10-22 09:25:46,466 DEBUG core.XpoUtility - Adding XPO type information for watch_wo_costs_sells_log
2025-10-22 09:25:46,466 DEBUG core.XpoUtility - Adding XPO type information for who_to_ask
2025-10-22 09:25:46,466 DEBUG core.XpoUtility - Adding XPO type information for wocomment
2025-10-22 09:25:46,466 DEBUG core.XpoUtility - Adding XPO type information for wodetailh_temp
2025-10-22 09:25:46,466 DEBUG core.XpoUtility - Adding XPO type information for woprog
2025-10-22 09:25:46,467 DEBUG core.XpoUtility - Adding XPO type information for woprogchanges
2025-10-22 09:25:46,467 DEBUG core.XpoUtility - Adding XPO type information for woprogchanges_snapshot
2025-10-22 09:25:46,468 DEBUG core.XpoUtility - Adding XPO type information for woprogcomment
2025-10-22 09:25:46,468 DEBUG core.XpoUtility - Adding XPO type information for woprogstatus
2025-10-22 09:25:46,468 DEBUG core.XpoUtility - Adding XPO type information for woprog_asset
2025-10-22 09:25:46,468 DEBUG core.XpoUtility - Adding XPO type information for woprog_invoice_text
2025-10-22 09:25:46,468 DEBUG core.XpoUtility - Adding XPO type information for woprog_jobtag
2025-10-22 09:25:46,468 DEBUG core.XpoUtility - Adding XPO type information for woprog_project_notes
2025-10-22 09:25:46,468 DEBUG core.XpoUtility - Adding XPO type information for woprog_scheduler
2025-10-22 09:25:46,468 DEBUG core.XpoUtility - Adding XPO type information for woprog_status
2025-10-22 09:25:46,468 DEBUG core.XpoUtility - Adding XPO type information for woprog_tasks
2025-10-22 09:25:46,469 DEBUG core.XpoUtility - Adding XPO type information for wo_associated
2025-10-22 09:25:46,469 DEBUG core.XpoUtility - Adding XPO type information for wo_checklist
2025-10-22 09:25:46,469 DEBUG core.XpoUtility - Adding XPO type information for wo_checklist_history
2025-10-22 09:25:46,469 DEBUG core.XpoUtility - Adding XPO type information for wo_detail_current
2025-10-22 09:25:46,469 DEBUG core.XpoUtility - Adding XPO type information for wo_detail_current_audit
2025-10-22 09:25:46,470 DEBUG core.XpoUtility - Adding XPO type information for wo_detail_history
2025-10-22 09:25:46,470 DEBUG core.XpoUtility - Adding XPO type information for wo_detail_lineitem_billtype
2025-10-22 09:25:46,470 DEBUG core.XpoUtility - Adding XPO type information for wo_freeze
2025-10-22 09:25:46,471 DEBUG core.XpoUtility - Adding XPO type information for wo_import_stage
2025-10-22 09:25:46,471 DEBUG core.XpoUtility - Adding XPO type information for wo_lag
2025-10-22 09:25:46,471 DEBUG core.XpoUtility - Adding XPO type information for wo_line_import_stage
2025-10-22 09:25:46,471 DEBUG core.XpoUtility - Adding XPO type information for wo_survey
2025-10-22 09:26:01,572 ERROR core.XpoUtility - Error processing XPO assemblies
DevExpress.Xpo.DB.Exceptions.UnableToOpenDatabaseException: Unable to open database. Connection string: 'server=192.168.150.18;user id=nesiappuser;password=***REMOVED***;database=neintranet;persistsecurityinfo=True;characterset=utf8;'; Error: 'MySql.Data.MySqlClient.MySqlException (0x80004005): Unable to connect to any of the specified MySQL hosts.
   at MySql.Data.MySqlClient.NativeDriver.Open()
   at MySql.Data.MySqlClient.Driver.Open()
   at MySql.Data.MySqlClient.Driver.Create(MySqlConnectionStringBuilder settings)
   at MySql.Data.MySqlClient.MySqlPool.CreateNewPooledConnection()
   at MySql.Data.MySqlClient.MySqlPool.GetPooledConnection()
   at MySql.Data.MySqlClient.MySqlPool.TryToGetDriver()
   at MySql.Data.MySqlClient.MySqlPool.GetConnection()
   at MySql.Data.MySqlClient.MySqlConnection.Open()
   at DevExpress.Xpo.DB.MySqlConnectionProvider.CreateDataBase()' ---> MySql.Data.MySqlClient.MySqlException: Unable to connect to any of the specified MySQL hosts.
   at MySql.Data.MySqlClient.NativeDriver.Open()
   at MySql.Data.MySqlClient.Driver.Open()
   at MySql.Data.MySqlClient.Driver.Create(MySqlConnectionStringBuilder settings)
   at MySql.Data.MySqlClient.MySqlPool.CreateNewPooledConnection()
   at MySql.Data.MySqlClient.MySqlPool.GetPooledConnection()
   at MySql.Data.MySqlClient.MySqlPool.TryToGetDriver()
   at MySql.Data.MySqlClient.MySqlPool.GetConnection()
   at MySql.Data.MySqlClient.MySqlConnection.Open()
   at DevExpress.Xpo.DB.MySqlConnectionProvider.CreateDataBase()
   --- End of inner exception stack trace ---
   at DevExpress.Xpo.DB.MySqlConnectionProvider.CreateDataBase()
   at DevExpress.Xpo.DB.ConnectionProviderSql..ctor(IDbConnection connection, AutoCreateOption autoCreateOption)
   at DevExpress.Xpo.DB.MySqlConnectionProvider..ctor(IDbConnection connection, AutoCreateOption autoCreateOption)
   at DevExpress.Xpo.DB.MySqlConnectionProvider.CreateProviderFromString(String connectionString, AutoCreateOption autoCreateOption, IDisposable[]& objectsToDisposeOnDisconnect)
   at DevExpress.Xpo.XpoDefault.GetConnectionProvider(String connectionString, AutoCreateOption defaultAutoCreateOption, IDisposable[]& objectsToDisposeOnDisconnect)
   at DevExpress.Xpo.XpoDefault.GetConnectionProvider(String connectionString, AutoCreateOption defaultAutoCreateOption)
   at core.XpoUtility.StoreCoreXpoAssemblies(String connectionString) in C:\Users\jay.kandasamy\source\repos\SparkOps\Nesi.Main\NESI.Core\CoreMarkerType.cs:line 55
2025-10-22 09:37:18,371 INFO NESI.WebAPI.Initialization.Global - Application started in Default
2025-10-22 09:37:18,377 INFO NESI.WebAPI.Initialization.Global - DEBUG symbol NOT defined for this environment
2025-10-22 09:37:18,750 INFO core.XpoUtility - Processing XPA assemblies
2025-10-22 09:37:18,794 DEBUG core.XpoUtility - Adding XPO type information for accounting_period
2025-10-22 09:37:18,816 DEBUG core.XpoUtility - Adding XPO type information for active_memberoffer
2025-10-22 09:37:18,816 DEBUG core.XpoUtility - Adding XPO type information for address
2025-10-22 09:37:18,818 DEBUG core.XpoUtility - Adding XPO type information for address_netsuite_map
2025-10-22 09:37:18,818 DEBUG core.XpoUtility - Adding XPO type information for adp_canada_codes
2025-10-22 09:37:18,818 DEBUG core.XpoUtility - Adding XPO type information for allowed_bu_on_wo
2025-10-22 09:37:18,818 DEBUG core.XpoUtility - Adding XPO type information for applicants
2025-10-22 09:37:18,818 DEBUG core.XpoUtility - Adding XPO type information for appointments
2025-10-22 09:37:18,819 DEBUG core.XpoUtility - Adding XPO type information for appointment_resource_member_hide_link
2025-10-22 09:37:18,819 DEBUG core.XpoUtility - Adding XPO type information for appointment_resource_member_link
2025-10-22 09:37:18,819 DEBUG core.XpoUtility - Adding XPO type information for appointment_status
2025-10-22 09:37:18,819 DEBUG core.XpoUtility - Adding XPO type information for apstatus
2025-10-22 09:37:18,819 DEBUG core.XpoUtility - Adding XPO type information for area_codes
2025-10-22 09:37:18,819 DEBUG core.XpoUtility - Adding XPO type information for ar_notes
2025-10-22 09:37:18,819 DEBUG core.XpoUtility - Adding XPO type information for assets
2025-10-22 09:37:18,819 DEBUG core.XpoUtility - Adding XPO type information for assets_history
2025-10-22 09:37:18,819 DEBUG core.XpoUtility - Adding XPO type information for assets_type
2025-10-22 09:37:18,821 DEBUG core.XpoUtility - Adding XPO type information for asset_customer_rate
2025-10-22 09:37:18,821 DEBUG core.XpoUtility - Adding XPO type information for asset_history_action
2025-10-22 09:37:18,821 DEBUG core.XpoUtility - Adding XPO type information for asset_status
2025-10-22 09:37:18,821 DEBUG core.XpoUtility - Adding XPO type information for auditgroup
2025-10-22 09:37:18,821 DEBUG core.XpoUtility - Adding XPO type information for audithistory_details
2025-10-22 09:37:18,821 DEBUG core.XpoUtility - Adding XPO type information for audithistory_header
2025-10-22 09:37:18,821 DEBUG core.XpoUtility - Adding XPO type information for audititem
2025-10-22 09:37:18,821 DEBUG core.XpoUtility - Adding XPO type information for audititem_group
2025-10-22 09:37:18,821 DEBUG core.XpoUtility - Adding XPO type information for audititem_ratingdesc
2025-10-22 09:37:18,821 DEBUG core.XpoUtility - Adding XPO type information for audititem_type
2025-10-22 09:37:18,821 DEBUG core.XpoUtility - Adding XPO type information for audit_group
2025-10-22 09:37:18,821 DEBUG core.XpoUtility - Adding XPO type information for audit_item
2025-10-22 09:37:18,821 DEBUG core.XpoUtility - Adding XPO type information for audit_type
2025-10-22 09:37:18,821 DEBUG core.XpoUtility - Adding XPO type information for audit_typegroup_link
2025-10-22 09:37:18,821 DEBUG core.XpoUtility - Adding XPO type information for auto_reports
2025-10-22 09:37:18,822 DEBUG core.XpoUtility - Adding XPO type information for auto_reports_schedule
2025-10-22 09:37:18,822 DEBUG core.XpoUtility - Adding XPO type information for auto_report_history
2025-10-22 09:37:18,822 DEBUG core.XpoUtility - Adding XPO type information for bankedpay_ledger
2025-10-22 09:37:18,822 DEBUG core.XpoUtility - Adding XPO type information for bankedpay_ledger_type
2025-10-22 09:37:18,822 DEBUG core.XpoUtility - Adding XPO type information for barcode_prefix
2025-10-22 09:37:18,822 DEBUG core.XpoUtility - Adding XPO type information for benefit_details
2025-10-22 09:37:18,822 DEBUG core.XpoUtility - Adding XPO type information for bingo_data
2025-10-22 09:37:18,822 DEBUG core.XpoUtility - Adding XPO type information for bingo_queries
2025-10-22 09:37:18,822 DEBUG core.XpoUtility - Adding XPO type information for bonus_membertype_link
2025-10-22 09:37:18,822 DEBUG core.XpoUtility - Adding XPO type information for bonus_type
2025-10-22 09:37:18,822 DEBUG core.XpoUtility - Adding XPO type information for breaktime
2025-10-22 09:37:18,822 DEBUG core.XpoUtility - Adding XPO type information for business
2025-10-22 09:37:18,823 DEBUG core.XpoUtility - Adding XPO type information for business_unit
2025-10-22 09:37:18,825 DEBUG core.XpoUtility - Adding XPO type information for business_unit_comp_div
2025-10-22 09:37:18,825 DEBUG core.XpoUtility - Adding XPO type information for business_unit_hiearchy
2025-10-22 09:37:18,825 DEBUG core.XpoUtility - Adding XPO type information for business_unit_po_dist
2025-10-22 09:37:18,825 DEBUG core.XpoUtility - Adding XPO type information for bu_paytype_link
2025-10-22 09:37:18,825 DEBUG core.XpoUtility - Adding XPO type information for cap_training_schedule
2025-10-22 09:37:18,825 DEBUG core.XpoUtility - Adding XPO type information for cellphone
2025-10-22 09:37:18,825 DEBUG core.XpoUtility - Adding XPO type information for cellphone_app_device
2025-10-22 09:37:18,825 DEBUG core.XpoUtility - Adding XPO type information for cellphone_app_imei
2025-10-22 09:37:18,825 DEBUG core.XpoUtility - Adding XPO type information for cellphone_app_sim
2025-10-22 09:37:18,825 DEBUG core.XpoUtility - Adding XPO type information for cellphone_carrier
2025-10-22 09:37:18,825 DEBUG core.XpoUtility - Adding XPO type information for cellphone_gps
2025-10-22 09:37:18,826 DEBUG core.XpoUtility - Adding XPO type information for cellphone_history
2025-10-22 09:37:18,826 DEBUG core.XpoUtility - Adding XPO type information for cellphone_number
2025-10-22 09:37:18,826 DEBUG core.XpoUtility - Adding XPO type information for cellphone_number_history
2025-10-22 09:37:18,826 DEBUG core.XpoUtility - Adding XPO type information for cellphone_status
2025-10-22 09:37:18,826 DEBUG core.XpoUtility - Adding XPO type information for certificates
2025-10-22 09:37:18,826 DEBUG core.XpoUtility - Adding XPO type information for certificates_credential_link
2025-10-22 09:37:18,826 DEBUG core.XpoUtility - Adding XPO type information for certificate_history
2025-10-22 09:37:18,826 DEBUG core.XpoUtility - Adding XPO type information for certificate_skill_link
2025-10-22 09:37:18,826 DEBUG core.XpoUtility - Adding XPO type information for certificate_training_link
2025-10-22 09:37:18,826 DEBUG core.XpoUtility - Adding XPO type information for chargeout
2025-10-22 09:37:18,826 DEBUG core.XpoUtility - Adding XPO type information for collection_history
2025-10-22 09:37:18,827 DEBUG core.XpoUtility - Adding XPO type information for contact
2025-10-22 09:37:18,827 DEBUG core.XpoUtility - Adding XPO type information for contactpage
2025-10-22 09:37:18,827 DEBUG core.XpoUtility - Adding XPO type information for contactpageprivilege
2025-10-22 09:37:18,827 DEBUG core.XpoUtility - Adding XPO type information for contact_history
2025-10-22 09:37:18,827 DEBUG core.XpoUtility - Adding XPO type information for contact_netsuite_map
2025-10-22 09:37:18,827 DEBUG core.XpoUtility - Adding XPO type information for conversion_map
2025-10-22 09:37:18,828 DEBUG core.XpoUtility - Adding XPO type information for conversion_unit
2025-10-22 09:37:18,828 DEBUG core.XpoUtility - Adding XPO type information for core_responsibilities
2025-10-22 09:37:18,828 DEBUG core.XpoUtility - Adding XPO type information for core_responsibilities_privilege
2025-10-22 09:37:18,828 DEBUG core.XpoUtility - Adding XPO type information for country
2025-10-22 09:37:18,828 DEBUG core.XpoUtility - Adding XPO type information for credit_cards
2025-10-22 09:37:18,828 DEBUG core.XpoUtility - Adding XPO type information for credit_card_purchase
2025-10-22 09:37:18,829 DEBUG core.XpoUtility - Adding XPO type information for credit_card_purchase_netsuite_xref
2025-10-22 09:37:18,829 DEBUG core.XpoUtility - Adding XPO type information for cr_certificates
2025-10-22 09:37:18,829 DEBUG core.XpoUtility - Adding XPO type information for cr_group
2025-10-22 09:37:18,829 DEBUG core.XpoUtility - Adding XPO type information for cr_qualifications
2025-10-22 09:37:18,829 DEBUG core.XpoUtility - Adding XPO type information for cr_review
2025-10-22 09:37:18,829 DEBUG core.XpoUtility - Adding XPO type information for cr_skills_link
2025-10-22 09:37:18,829 DEBUG core.XpoUtility - Adding XPO type information for cr_skills_priority
2025-10-22 09:37:18,829 DEBUG core.XpoUtility - Adding XPO type information for currency
2025-10-22 09:37:18,829 DEBUG core.XpoUtility - Adding XPO type information for currency_history
2025-10-22 09:37:18,829 DEBUG core.XpoUtility - Adding XPO type information for customer
2025-10-22 09:37:18,830 DEBUG core.XpoUtility - Adding XPO type information for customer_asset
2025-10-22 09:37:18,830 DEBUG core.XpoUtility - Adding XPO type information for customer_asset_history
2025-10-22 09:37:18,830 DEBUG core.XpoUtility - Adding XPO type information for customer_business_unit
2025-10-22 09:37:18,830 DEBUG core.XpoUtility - Adding XPO type information for customer_collection_status
2025-10-22 09:37:18,830 DEBUG core.XpoUtility - Adding XPO type information for customer_company
2025-10-22 09:37:18,830 DEBUG core.XpoUtility - Adding XPO type information for customer_default_invoice_types
2025-10-22 09:37:18,830 DEBUG core.XpoUtility - Adding XPO type information for customer_history
2025-10-22 09:37:18,830 DEBUG core.XpoUtility - Adding XPO type information for customer_internal_link
2025-10-22 09:37:18,830 DEBUG core.XpoUtility - Adding XPO type information for customer_netsuite_map
2025-10-22 09:37:18,830 DEBUG core.XpoUtility - Adding XPO type information for customer_origin
2025-10-22 09:37:18,831 DEBUG core.XpoUtility - Adding XPO type information for customer_or_contact_status
2025-10-22 09:37:18,831 DEBUG core.XpoUtility - Adding XPO type information for customer_rate
2025-10-22 09:37:18,831 DEBUG core.XpoUtility - Adding XPO type information for customer_sales_properties
2025-10-22 09:37:18,831 DEBUG core.XpoUtility - Adding XPO type information for customer_ticketheader
2025-10-22 09:37:18,831 DEBUG core.XpoUtility - Adding XPO type information for customer_ticketissues
2025-10-22 09:37:18,831 DEBUG core.XpoUtility - Adding XPO type information for customer_ticketmanager
2025-10-22 09:37:18,831 DEBUG core.XpoUtility - Adding XPO type information for customer_ticketpage
2025-10-22 09:37:18,832 DEBUG core.XpoUtility - Adding XPO type information for customer_ticketpriority
2025-10-22 09:37:18,832 DEBUG core.XpoUtility - Adding XPO type information for customer_ticketstatus
2025-10-22 09:37:18,832 DEBUG core.XpoUtility - Adding XPO type information for customer_tickettype
2025-10-22 09:37:18,832 DEBUG core.XpoUtility - Adding XPO type information for cust_vend_requests
2025-10-22 09:37:18,832 DEBUG core.XpoUtility - Adding XPO type information for daily_finance
2025-10-22 09:37:18,832 DEBUG core.XpoUtility - Adding XPO type information for dashboard
2025-10-22 09:37:18,832 DEBUG core.XpoUtility - Adding XPO type information for dashboardtmp
2025-10-22 09:37:18,832 DEBUG core.XpoUtility - Adding XPO type information for dashboard_header
2025-10-22 09:37:18,832 DEBUG core.XpoUtility - Adding XPO type information for dashboard_snapshot_daily
2025-10-22 09:37:18,833 DEBUG core.XpoUtility - Adding XPO type information for dashboard_snapshot_hist
2025-10-22 09:37:18,833 DEBUG core.XpoUtility - Adding XPO type information for dashboard_thresholds
2025-10-22 09:37:18,833 DEBUG core.XpoUtility - Adding XPO type information for days_off_canned_reasons
2025-10-22 09:37:18,833 DEBUG core.XpoUtility - Adding XPO type information for digitalsignage
2025-10-22 09:37:18,833 DEBUG core.XpoUtility - Adding XPO type information for distribution_group
2025-10-22 09:37:18,834 DEBUG core.XpoUtility - Adding XPO type information for distribution_group_link
2025-10-22 09:37:18,834 DEBUG core.XpoUtility - Adding XPO type information for download
2025-10-22 09:37:18,834 DEBUG core.XpoUtility - Adding XPO type information for downloadcat
2025-10-22 09:37:18,834 DEBUG core.XpoUtility - Adding XPO type information for edit_type
2025-10-22 09:37:18,834 DEBUG core.XpoUtility - Adding XPO type information for emaillog
2025-10-22 09:37:18,834 DEBUG core.XpoUtility - Adding XPO type information for emp_review
2025-10-22 09:37:18,834 DEBUG core.XpoUtility - Adding XPO type information for emp_review_group
2025-10-22 09:37:18,834 DEBUG core.XpoUtility - Adding XPO type information for emp_review_history
2025-10-22 09:37:18,834 DEBUG core.XpoUtility - Adding XPO type information for emp_review_items
2025-10-22 09:37:18,834 DEBUG core.XpoUtility - Adding XPO type information for emp_trm
2025-10-22 09:37:18,834 DEBUG core.XpoUtility - Adding XPO type information for emp_trm_chklist_lnk
2025-10-22 09:37:18,834 DEBUG core.XpoUtility - Adding XPO type information for emp_trm_chklist_opt
2025-10-22 09:37:18,834 DEBUG core.XpoUtility - Adding XPO type information for eritem
2025-10-22 09:37:18,835 DEBUG core.XpoUtility - Adding XPO type information for erjob
2025-10-22 09:37:18,835 DEBUG core.XpoUtility - Adding XPO type information for error
2025-10-22 09:37:18,835 DEBUG core.XpoUtility - Adding XPO type information for error_log
2025-10-22 09:37:18,835 DEBUG core.XpoUtility - Adding XPO type information for er_branch_data
2025-10-22 09:37:18,835 DEBUG core.XpoUtility - Adding XPO type information for er_vendor_data
2025-10-22 09:37:18,835 DEBUG core.XpoUtility - Adding XPO type information for event_table
2025-10-22 09:37:18,835 DEBUG core.XpoUtility - Adding XPO type information for expense_category
2025-10-22 09:37:18,835 DEBUG core.XpoUtility - Adding XPO type information for expense_category_business_unit
2025-10-22 09:37:18,835 DEBUG core.XpoUtility - Adding XPO type information for expense_reimbursement
2025-10-22 09:37:18,836 DEBUG core.XpoUtility - Adding XPO type information for expense_reimbursement_netsuite_xref
2025-10-22 09:37:18,836 DEBUG core.XpoUtility - Adding XPO type information for expense_seller
2025-10-22 09:37:18,836 DEBUG core.XpoUtility - Adding XPO type information for ext_website_credentials
2025-10-22 09:37:18,836 DEBUG core.XpoUtility - Adding XPO type information for failed_login
2025-10-22 09:37:18,836 DEBUG core.XpoUtility - Adding XPO type information for faq
2025-10-22 09:37:18,836 DEBUG core.XpoUtility - Adding XPO type information for faq_section
2025-10-22 09:37:18,836 DEBUG core.XpoUtility - Adding XPO type information for fytarget
2025-10-22 09:37:18,836 DEBUG core.XpoUtility - Adding XPO type information for fytarget_employees
2025-10-22 09:37:18,836 DEBUG core.XpoUtility - Adding XPO type information for gantt_data
2025-10-22 09:37:18,837 DEBUG core.XpoUtility - Adding XPO type information for gltrans
2025-10-22 09:37:18,837 DEBUG core.XpoUtility - Adding XPO type information for gl_chart_of_accounts
2025-10-22 09:37:18,838 DEBUG core.XpoUtility - Adding XPO type information for gl_chart_of_accounts_staging
2025-10-22 09:37:18,838 DEBUG core.XpoUtility - Adding XPO type information for gl_control_accounts
2025-10-22 09:37:18,838 DEBUG core.XpoUtility - Adding XPO type information for gl_group_te
2025-10-22 09:37:18,838 DEBUG core.XpoUtility - Adding XPO type information for gl_note_te
2025-10-22 09:37:18,838 DEBUG core.XpoUtility - Adding XPO type information for gl_special_accounts
2025-10-22 09:37:18,839 DEBUG core.XpoUtility - Adding XPO type information for gl_special_account_te_link
2025-10-22 09:37:18,839 DEBUG core.XpoUtility - Adding XPO type information for gl_subgroup_te
2025-10-22 09:37:18,839 DEBUG core.XpoUtility - Adding XPO type information for gl_te
2025-10-22 09:37:18,839 DEBUG core.XpoUtility - Adding XPO type information for gl_type_mapping
2025-10-22 09:37:18,839 DEBUG core.XpoUtility - Adding XPO type information for graph
2025-10-22 09:37:18,839 DEBUG core.XpoUtility - Adding XPO type information for gridviewlayouts
2025-10-22 09:37:18,839 DEBUG core.XpoUtility - Adding XPO type information for historycust
2025-10-22 09:37:18,839 DEBUG core.XpoUtility - Adding XPO type information for historypo
2025-10-22 09:37:18,840 DEBUG core.XpoUtility - Adding XPO type information for history_action_type
2025-10-22 09:37:18,840 DEBUG core.XpoUtility - Adding XPO type information for holidays
2025-10-22 09:37:18,840 DEBUG core.XpoUtility - Adding XPO type information for huddle
2025-10-22 09:37:18,840 DEBUG core.XpoUtility - Adding XPO type information for huddle_source
2025-10-22 09:37:18,840 DEBUG core.XpoUtility - Adding XPO type information for huddle_task
2025-10-22 09:37:18,840 DEBUG core.XpoUtility - Adding XPO type information for huddle_task_comments
2025-10-22 09:37:18,840 DEBUG core.XpoUtility - Adding XPO type information for huddle_user
2025-10-22 09:37:18,840 DEBUG core.XpoUtility - Adding XPO type information for hu_snapshot
2025-10-22 09:37:18,841 DEBUG core.XpoUtility - Adding XPO type information for inc_stmt_note
2025-10-22 09:37:18,841 DEBUG core.XpoUtility - Adding XPO type information for internal_companyno
2025-10-22 09:37:18,841 DEBUG core.XpoUtility - Adding XPO type information for internal_project
2025-10-22 09:37:18,841 DEBUG core.XpoUtility - Adding XPO type information for invattribute
2025-10-22 09:37:18,841 DEBUG core.XpoUtility - Adding XPO type information for inventory_alternate
2025-10-22 09:37:18,841 DEBUG core.XpoUtility - Adding XPO type information for inventory_annual_counts
2025-10-22 09:37:18,841 DEBUG core.XpoUtility - Adding XPO type information for inventory_annual_counts_history
2025-10-22 09:37:18,841 DEBUG core.XpoUtility - Adding XPO type information for inventory_annual_count_header
2025-10-22 09:37:18,841 DEBUG core.XpoUtility - Adding XPO type information for inventory_attribute
2025-10-22 09:37:18,841 DEBUG core.XpoUtility - Adding XPO type information for inventory_attribute_value
2025-10-22 09:37:18,841 DEBUG core.XpoUtility - Adding XPO type information for inventory_audit
2025-10-22 09:37:18,842 DEBUG core.XpoUtility - Adding XPO type information for inventory_barcode
2025-10-22 09:37:18,842 DEBUG core.XpoUtility - Adding XPO type information for inventory_branch
2025-10-22 09:37:18,842 DEBUG core.XpoUtility - Adding XPO type information for inventory_branch_options
2025-10-22 09:37:18,842 DEBUG core.XpoUtility - Adding XPO type information for inventory_consignment
2025-10-22 09:37:18,842 DEBUG core.XpoUtility - Adding XPO type information for inventory_cost
2025-10-22 09:37:18,842 DEBUG core.XpoUtility - Adding XPO type information for inventory_description
2025-10-22 09:37:18,842 DEBUG core.XpoUtility - Adding XPO type information for inventory_dollar_balance_daily
2025-10-22 09:37:18,842 DEBUG core.XpoUtility - Adding XPO type information for inventory_expiry_period
2025-10-22 09:37:18,842 DEBUG core.XpoUtility - Adding XPO type information for inventory_group_dtl
2025-10-22 09:37:18,842 DEBUG core.XpoUtility - Adding XPO type information for inventory_group_hdr
2025-10-22 09:37:18,843 DEBUG core.XpoUtility - Adding XPO type information for inventory_history
2025-10-22 09:37:18,843 DEBUG core.XpoUtility - Adding XPO type information for inventory_import_stage
2025-10-22 09:37:18,843 DEBUG core.XpoUtility - Adding XPO type information for inventory_incorrect_levels
2025-10-22 09:37:18,843 DEBUG core.XpoUtility - Adding XPO type information for inventory_item_detail
2025-10-22 09:37:18,843 DEBUG core.XpoUtility - Adding XPO type information for inventory_item_master
2025-10-22 09:37:18,843 DEBUG core.XpoUtility - Adding XPO type information for inventory_kit_dtl
2025-10-22 09:37:18,843 DEBUG core.XpoUtility - Adding XPO type information for inventory_kit_hdr
2025-10-22 09:37:18,843 DEBUG core.XpoUtility - Adding XPO type information for inventory_location
2025-10-22 09:37:18,844 DEBUG core.XpoUtility - Adding XPO type information for inventory_location_master
2025-10-22 09:37:18,844 DEBUG core.XpoUtility - Adding XPO type information for inventory_location_type
2025-10-22 09:37:18,844 DEBUG core.XpoUtility - Adding XPO type information for inventory_note
2025-10-22 09:37:18,844 DEBUG core.XpoUtility - Adding XPO type information for inventory_per_unit
2025-10-22 09:37:18,844 DEBUG core.XpoUtility - Adding XPO type information for inventory_picture
2025-10-22 09:37:18,844 DEBUG core.XpoUtility - Adding XPO type information for inventory_price
2025-10-22 09:37:18,844 DEBUG core.XpoUtility - Adding XPO type information for inventory_price_history
2025-10-22 09:37:18,844 DEBUG core.XpoUtility - Adding XPO type information for inventory_reference
2025-10-22 09:37:18,844 DEBUG core.XpoUtility - Adding XPO type information for inventory_referencetype
2025-10-22 09:37:18,844 DEBUG core.XpoUtility - Adding XPO type information for inventory_sellprice
2025-10-22 09:37:18,844 DEBUG core.XpoUtility - Adding XPO type information for inventory_sellprice_history
2025-10-22 09:37:18,844 DEBUG core.XpoUtility - Adding XPO type information for inventory_sold_as
2025-10-22 09:37:18,844 DEBUG core.XpoUtility - Adding XPO type information for inventory_tag
2025-10-22 09:37:18,845 DEBUG core.XpoUtility - Adding XPO type information for inventory_tag_link
2025-10-22 09:37:18,845 DEBUG core.XpoUtility - Adding XPO type information for inventory_tag_preset
2025-10-22 09:37:18,845 DEBUG core.XpoUtility - Adding XPO type information for inventory_tag_tradename
2025-10-22 09:37:18,845 DEBUG core.XpoUtility - Adding XPO type information for inventory_tax
2025-10-22 09:37:18,845 DEBUG core.XpoUtility - Adding XPO type information for inventory_usage
2025-10-22 09:37:18,845 DEBUG core.XpoUtility - Adding XPO type information for inventory_usage_copy
2025-10-22 09:37:18,845 DEBUG core.XpoUtility - Adding XPO type information for invoice_collection_status
2025-10-22 09:37:18,845 DEBUG core.XpoUtility - Adding XPO type information for invoice_service_email_report_history
2025-10-22 09:37:18,845 DEBUG core.XpoUtility - Adding XPO type information for journal_entry
2025-10-22 09:37:18,846 DEBUG core.XpoUtility - Adding XPO type information for journal_entry_line
2025-10-22 09:37:18,846 DEBUG core.XpoUtility - Adding XPO type information for leavetype
2025-10-22 09:37:18,846 DEBUG core.XpoUtility - Adding XPO type information for log
2025-10-22 09:37:18,846 DEBUG core.XpoUtility - Adding XPO type information for logging_agent_error_log
2025-10-22 09:37:18,846 DEBUG core.XpoUtility - Adding XPO type information for log_action
2025-10-22 09:37:18,846 DEBUG core.XpoUtility - Adding XPO type information for log_page
2025-10-22 09:37:18,846 DEBUG core.XpoUtility - Adding XPO type information for log_page_asax
2025-10-22 09:37:18,846 DEBUG core.XpoUtility - Adding XPO type information for log_section
2025-10-22 09:37:18,847 DEBUG core.XpoUtility - Adding XPO type information for manufacturer
2025-10-22 09:37:18,847 DEBUG core.XpoUtility - Adding XPO type information for manufacturervendor
2025-10-22 09:37:18,847 DEBUG core.XpoUtility - Adding XPO type information for markup_formula
2025-10-22 09:37:18,847 DEBUG core.XpoUtility - Adding XPO type information for master_skills
2025-10-22 09:37:18,847 DEBUG core.XpoUtility - Adding XPO type information for master_skill_review_questions
2025-10-22 09:37:18,848 DEBUG core.XpoUtility - Adding XPO type information for matt
2025-10-22 09:37:18,848 DEBUG core.XpoUtility - Adding XPO type information for member
2025-10-22 09:37:18,850 DEBUG core.XpoUtility - Adding XPO type information for memberaddressaudit
2025-10-22 09:37:18,850 DEBUG core.XpoUtility - Adding XPO type information for memberdaysoff
2025-10-22 09:37:18,850 DEBUG core.XpoUtility - Adding XPO type information for memberdaysoffack
2025-10-22 09:37:18,850 DEBUG core.XpoUtility - Adding XPO type information for memberdivision
2025-10-22 09:37:18,850 DEBUG core.XpoUtility - Adding XPO type information for membergraph
2025-10-22 09:37:18,850 DEBUG core.XpoUtility - Adding XPO type information for membernote
2025-10-22 09:37:18,851 DEBUG core.XpoUtility - Adding XPO type information for memberoffer_cr
2025-10-22 09:37:18,851 DEBUG core.XpoUtility - Adding XPO type information for memberoffer_milestones
2025-10-22 09:37:18,851 DEBUG core.XpoUtility - Adding XPO type information for memberpage
2025-10-22 09:37:18,851 DEBUG core.XpoUtility - Adding XPO type information for memberpageprivilege
2025-10-22 09:37:18,851 DEBUG core.XpoUtility - Adding XPO type information for membertime
2025-10-22 09:37:18,851 DEBUG core.XpoUtility - Adding XPO type information for membertimeaudit
2025-10-22 09:37:18,852 DEBUG core.XpoUtility - Adding XPO type information for membertime_netsuite_xref
2025-10-22 09:37:18,852 DEBUG core.XpoUtility - Adding XPO type information for membertime_projecttask
2025-10-22 09:37:18,852 DEBUG core.XpoUtility - Adding XPO type information for membertime_projecttask_netsuite_xref
2025-10-22 09:37:18,852 DEBUG core.XpoUtility - Adding XPO type information for membertime_shop_link
2025-10-22 09:37:18,852 DEBUG core.XpoUtility - Adding XPO type information for membertime_shop_type
2025-10-22 09:37:18,852 DEBUG core.XpoUtility - Adding XPO type information for membertime_tags
2025-10-22 09:37:18,852 DEBUG core.XpoUtility - Adding XPO type information for membertime_ts_lite_paytypes
2025-10-22 09:37:18,852 DEBUG core.XpoUtility - Adding XPO type information for membertime_type
2025-10-22 09:37:18,852 DEBUG core.XpoUtility - Adding XPO type information for membertime_type_gl_link
2025-10-22 09:37:18,852 DEBUG core.XpoUtility - Adding XPO type information for membertype
2025-10-22 09:37:18,853 DEBUG core.XpoUtility - Adding XPO type information for membertypehours
2025-10-22 09:37:18,853 DEBUG core.XpoUtility - Adding XPO type information for membertypepage
2025-10-22 09:37:18,853 DEBUG core.XpoUtility - Adding XPO type information for membertypepageprivilege
2025-10-22 09:37:18,853 DEBUG core.XpoUtility - Adding XPO type information for membertype_auto_reports
2025-10-22 09:37:18,853 DEBUG core.XpoUtility - Adding XPO type information for membertype_chargeout
2025-10-22 09:37:18,853 DEBUG core.XpoUtility - Adding XPO type information for membertype_chargeout_back
2025-10-22 09:37:18,853 DEBUG core.XpoUtility - Adding XPO type information for membertype_chargeout_history
2025-10-22 09:37:18,853 DEBUG core.XpoUtility - Adding XPO type information for membertype_classification
2025-10-22 09:37:18,853 DEBUG core.XpoUtility - Adding XPO type information for membertype_responsibilities
2025-10-22 09:37:18,853 DEBUG core.XpoUtility - Adding XPO type information for memberwage
2025-10-22 09:37:18,853 DEBUG core.XpoUtility - Adding XPO type information for memberx
2025-10-22 09:37:18,854 DEBUG core.XpoUtility - Adding XPO type information for member_apprentice_level
2025-10-22 09:37:18,854 DEBUG core.XpoUtility - Adding XPO type information for member_certificates
2025-10-22 09:37:18,854 DEBUG core.XpoUtility - Adding XPO type information for member_fvr_dtl
2025-10-22 09:37:18,854 DEBUG core.XpoUtility - Adding XPO type information for member_fvr_hdr
2025-10-22 09:37:18,855 DEBUG core.XpoUtility - Adding XPO type information for member_fvr_history
2025-10-22 09:37:18,855 DEBUG core.XpoUtility - Adding XPO type information for member_fvr_status
2025-10-22 09:37:18,855 DEBUG core.XpoUtility - Adding XPO type information for member_fvr_tab
2025-10-22 09:37:18,855 DEBUG core.XpoUtility - Adding XPO type information for member_fvr_template_detail
2025-10-22 09:37:18,855 DEBUG core.XpoUtility - Adding XPO type information for member_fvr_template_header
2025-10-22 09:37:18,855 DEBUG core.XpoUtility - Adding XPO type information for member_hrstatus
2025-10-22 09:37:18,855 DEBUG core.XpoUtility - Adding XPO type information for member_import_stage
2025-10-22 09:37:18,855 DEBUG core.XpoUtility - Adding XPO type information for member_i_template
2025-10-22 09:37:18,855 DEBUG core.XpoUtility - Adding XPO type information for member_netsuite_xref
2025-10-22 09:37:18,855 DEBUG core.XpoUtility - Adding XPO type information for member_offers
2025-10-22 09:37:18,856 DEBUG core.XpoUtility - Adding XPO type information for member_offers_prod
2025-10-22 09:37:18,856 DEBUG core.XpoUtility - Adding XPO type information for member_offers_uat
2025-10-22 09:37:18,856 DEBUG core.XpoUtility - Adding XPO type information for member_paytype
2025-10-22 09:37:18,856 DEBUG core.XpoUtility - Adding XPO type information for member_skills
2025-10-22 09:37:18,856 DEBUG core.XpoUtility - Adding XPO type information for member_task_cc
2025-10-22 09:37:18,857 DEBUG core.XpoUtility - Adding XPO type information for member_temp
2025-10-22 09:37:18,857 DEBUG core.XpoUtility - Adding XPO type information for member_tile
2025-10-22 09:37:18,857 DEBUG core.XpoUtility - Adding XPO type information for member_tile_type
2025-10-22 09:37:18,857 DEBUG core.XpoUtility - Adding XPO type information for member_tile_type_link
2025-10-22 09:37:18,857 DEBUG core.XpoUtility - Adding XPO type information for member_timesheet_accuracy
2025-10-22 09:37:18,857 DEBUG core.XpoUtility - Adding XPO type information for member_todo_list_helper
2025-10-22 09:37:18,857 DEBUG core.XpoUtility - Adding XPO type information for message
2025-10-22 09:37:18,857 DEBUG core.XpoUtility - Adding XPO type information for messageboard_chat
2025-10-22 09:37:18,857 DEBUG core.XpoUtility - Adding XPO type information for messageto
2025-10-22 09:37:18,857 DEBUG core.XpoUtility - Adding XPO type information for messagetype
2025-10-22 09:37:18,857 DEBUG core.XpoUtility - Adding XPO type information for migration_expense_category_for_po
2025-10-22 09:37:18,857 DEBUG core.XpoUtility - Adding XPO type information for n2_profile_category
2025-10-22 09:37:18,857 DEBUG core.XpoUtility - Adding XPO type information for n2_profile_property
2025-10-22 09:37:18,857 DEBUG core.XpoUtility - Adding XPO type information for n2_user_profile
2025-10-22 09:37:18,858 DEBUG core.XpoUtility - Adding XPO type information for nesi_conversion_table
2025-10-22 09:37:18,858 DEBUG core.XpoUtility - Adding XPO type information for netsuite_queue
2025-10-22 09:37:18,858 DEBUG core.XpoUtility - Adding XPO type information for netsuite_sync_error
2025-10-22 09:37:18,858 DEBUG core.XpoUtility - Adding XPO type information for new_milestone
2025-10-22 09:37:18,858 DEBUG core.XpoUtility - Adding XPO type information for ne_file_revision
2025-10-22 09:37:18,858 DEBUG core.XpoUtility - Adding XPO type information for ne_session
2025-10-22 09:37:18,858 DEBUG core.XpoUtility - Adding XPO type information for note_templates
2025-10-22 09:37:18,858 DEBUG core.XpoUtility - Adding XPO type information for oncall_schedule
2025-10-22 09:37:18,858 DEBUG core.XpoUtility - Adding XPO type information for ownership
2025-10-22 09:37:18,858 DEBUG core.XpoUtility - Adding XPO type information for page
2025-10-22 09:37:18,859 DEBUG core.XpoUtility - Adding XPO type information for pageprivilege
2025-10-22 09:37:18,859 DEBUG core.XpoUtility - Adding XPO type information for pageprivilege_template
2025-10-22 09:37:18,859 DEBUG core.XpoUtility - Adding XPO type information for pageprivilege_template_item
2025-10-22 09:37:18,859 DEBUG core.XpoUtility - Adding XPO type information for page_related
2025-10-22 09:37:18,859 DEBUG core.XpoUtility - Adding XPO type information for page_wiki
2025-10-22 09:37:18,859 DEBUG core.XpoUtility - Adding XPO type information for partner_skills
2025-10-22 09:37:18,859 DEBUG core.XpoUtility - Adding XPO type information for part_request
2025-10-22 09:37:18,859 DEBUG core.XpoUtility - Adding XPO type information for part_request_history
2025-10-22 09:37:18,859 DEBUG core.XpoUtility - Adding XPO type information for part_request_origin
2025-10-22 09:37:18,859 DEBUG core.XpoUtility - Adding XPO type information for part_request_statuslist
2025-10-22 09:37:18,859 DEBUG core.XpoUtility - Adding XPO type information for passport
2025-10-22 09:37:18,860 DEBUG core.XpoUtility - Adding XPO type information for payperiods
2025-10-22 09:37:18,860 DEBUG core.XpoUtility - Adding XPO type information for payperiod_tax_entity
2025-10-22 09:37:18,860 DEBUG core.XpoUtility - Adding XPO type information for payroll
2025-10-22 09:37:18,860 DEBUG core.XpoUtility - Adding XPO type information for payroll_entry_types
2025-10-22 09:37:18,860 DEBUG core.XpoUtility - Adding XPO type information for payroll_extra_payments
2025-10-22 09:37:18,860 DEBUG core.XpoUtility - Adding XPO type information for payroll_hours
2025-10-22 09:37:18,861 DEBUG core.XpoUtility - Adding XPO type information for payroll_progress
2025-10-22 09:37:18,861 DEBUG core.XpoUtility - Adding XPO type information for paytypehours
2025-10-22 09:37:18,861 DEBUG core.XpoUtility - Adding XPO type information for phone_log
2025-10-22 09:37:18,861 DEBUG core.XpoUtility - Adding XPO type information for phone_numbers
2025-10-22 09:37:18,861 DEBUG core.XpoUtility - Adding XPO type information for poprogcomment
2025-10-22 09:37:18,861 DEBUG core.XpoUtility - Adding XPO type information for poprogstatus
2025-10-22 09:37:18,861 DEBUG core.XpoUtility - Adding XPO type information for poprog_cc
2025-10-22 09:37:18,861 DEBUG core.XpoUtility - Adding XPO type information for poprog_header
2025-10-22 09:37:18,861 DEBUG core.XpoUtility - Adding XPO type information for poprog_notes
2025-10-22 09:37:18,861 DEBUG core.XpoUtility - Adding XPO type information for poprog_part_history
2025-10-22 09:37:18,861 DEBUG core.XpoUtility - Adding XPO type information for poprog_payment_method
2025-10-22 09:37:18,863 DEBUG core.XpoUtility - Adding XPO type information for poprog_scans
2025-10-22 09:37:18,863 DEBUG core.XpoUtility - Adding XPO type information for poprog_shipping
2025-10-22 09:37:18,863 DEBUG core.XpoUtility - Adding XPO type information for poprog_status
2025-10-22 09:37:18,863 DEBUG core.XpoUtility - Adding XPO type information for po_details_current
2025-10-22 09:37:18,863 DEBUG core.XpoUtility - Adding XPO type information for po_gl_acct
2025-10-22 09:37:18,863 DEBUG core.XpoUtility - Adding XPO type information for po_import_stage
2025-10-22 09:37:18,863 DEBUG core.XpoUtility - Adding XPO type information for po_line_import_stage
2025-10-22 09:37:18,864 DEBUG core.XpoUtility - Adding XPO type information for privilege
2025-10-22 09:37:18,864 DEBUG core.XpoUtility - Adding XPO type information for privilege_detail
2025-10-22 09:37:18,864 DEBUG core.XpoUtility - Adding XPO type information for privilege_global
2025-10-22 09:37:18,864 DEBUG core.XpoUtility - Adding XPO type information for privilege_global_link
2025-10-22 09:37:18,864 DEBUG core.XpoUtility - Adding XPO type information for privilege_global_link_type
2025-10-22 09:37:18,864 DEBUG core.XpoUtility - Adding XPO type information for progress_billings
2025-10-22 09:37:18,864 DEBUG core.XpoUtility - Adding XPO type information for properties
2025-10-22 09:37:18,864 DEBUG core.XpoUtility - Adding XPO type information for prov
2025-10-22 09:37:18,864 DEBUG core.XpoUtility - Adding XPO type information for qualifications
2025-10-22 09:37:18,864 DEBUG core.XpoUtility - Adding XPO type information for quick_extensions
2025-10-22 09:37:18,864 DEBUG core.XpoUtility - Adding XPO type information for quote_canned_description
2025-10-22 09:37:18,864 DEBUG core.XpoUtility - Adding XPO type information for quote_chance
2025-10-22 09:37:18,864 DEBUG core.XpoUtility - Adding XPO type information for quote_competitor
2025-10-22 09:37:18,864 DEBUG core.XpoUtility - Adding XPO type information for quote_cust_notes
2025-10-22 09:37:18,864 DEBUG core.XpoUtility - Adding XPO type information for quote_extratext
2025-10-22 09:37:18,864 DEBUG core.XpoUtility - Adding XPO type information for quote_field_title
2025-10-22 09:37:18,864 DEBUG core.XpoUtility - Adding XPO type information for quote_filter
2025-10-22 09:37:18,864 DEBUG core.XpoUtility - Adding XPO type information for quote_filter_questions
2025-10-22 09:37:18,864 DEBUG core.XpoUtility - Adding XPO type information for quote_follow_up
2025-10-22 09:37:18,864 DEBUG core.XpoUtility - Adding XPO type information for quote_history
2025-10-22 09:37:18,864 DEBUG core.XpoUtility - Adding XPO type information for quote_kill_reason
2025-10-22 09:37:18,865 DEBUG core.XpoUtility - Adding XPO type information for quote_kill_reason_map
2025-10-22 09:37:18,865 DEBUG core.XpoUtility - Adding XPO type information for quote_kill_tier
2025-10-22 09:37:18,865 DEBUG core.XpoUtility - Adding XPO type information for quote_master
2025-10-22 09:37:18,865 DEBUG core.XpoUtility - Adding XPO type information for quote_post_mortem
2025-10-22 09:37:18,866 DEBUG core.XpoUtility - Adding XPO type information for quote_post_mortem_questions
2025-10-22 09:37:18,866 DEBUG core.XpoUtility - Adding XPO type information for quote_pricetype
2025-10-22 09:37:18,866 DEBUG core.XpoUtility - Adding XPO type information for quote_process_questions
2025-10-22 09:37:18,866 DEBUG core.XpoUtility - Adding XPO type information for quote_process_question_history
2025-10-22 09:37:18,866 DEBUG core.XpoUtility - Adding XPO type information for quote_received_reason
2025-10-22 09:37:18,866 DEBUG core.XpoUtility - Adding XPO type information for quote_received_reason_map
2025-10-22 09:37:18,866 DEBUG core.XpoUtility - Adding XPO type information for quote_schedule
2025-10-22 09:37:18,867 DEBUG core.XpoUtility - Adding XPO type information for quote_section
2025-10-22 09:37:18,867 DEBUG core.XpoUtility - Adding XPO type information for quote_status
2025-10-22 09:37:18,867 DEBUG core.XpoUtility - Adding XPO type information for quote_term
2025-10-22 09:37:18,867 DEBUG core.XpoUtility - Adding XPO type information for quote_worksheet
2025-10-22 09:37:18,867 DEBUG core.XpoUtility - Adding XPO type information for quote_worksheet_current_cost
2025-10-22 09:37:18,867 DEBUG core.XpoUtility - Adding XPO type information for rd
2025-10-22 09:37:18,867 DEBUG core.XpoUtility - Adding XPO type information for releases
2025-10-22 09:37:18,867 DEBUG core.XpoUtility - Adding XPO type information for rental_equipment
2025-10-22 09:37:18,868 DEBUG core.XpoUtility - Adding XPO type information for rental_equipment_category
2025-10-22 09:37:18,868 DEBUG core.XpoUtility - Adding XPO type information for report
2025-10-22 09:37:18,868 DEBUG core.XpoUtility - Adding XPO type information for reports_to_helper
2025-10-22 09:37:18,868 DEBUG core.XpoUtility - Adding XPO type information for revenue_line
2025-10-22 09:37:18,868 DEBUG core.XpoUtility - Adding XPO type information for revenue_line_business_unit
2025-10-22 09:37:18,868 DEBUG core.XpoUtility - Adding XPO type information for rfq_header
2025-10-22 09:37:18,868 DEBUG core.XpoUtility - Adding XPO type information for rfq_lineitem
2025-10-22 09:37:18,868 DEBUG core.XpoUtility - Adding XPO type information for rfq_part_list
2025-10-22 09:37:18,868 DEBUG core.XpoUtility - Adding XPO type information for rfq_vendor_list
2025-10-22 09:37:18,868 DEBUG core.XpoUtility - Adding XPO type information for rss_feed
2025-10-22 09:37:18,868 DEBUG core.XpoUtility - Adding XPO type information for r_engine_category
2025-10-22 09:37:18,868 DEBUG core.XpoUtility - Adding XPO type information for r_engine_permission
2025-10-22 09:37:18,869 DEBUG core.XpoUtility - Adding XPO type information for r_engine_report
2025-10-22 09:37:18,869 DEBUG core.XpoUtility - Adding XPO type information for salesperson
2025-10-22 09:37:18,869 DEBUG core.XpoUtility - Adding XPO type information for section
2025-10-22 09:37:18,869 DEBUG core.XpoUtility - Adding XPO type information for session
2025-10-22 09:37:18,869 DEBUG core.XpoUtility - Adding XPO type information for session_collection
2025-10-22 09:37:18,869 DEBUG core.XpoUtility - Adding XPO type information for ship
2025-10-22 09:37:18,869 DEBUG core.XpoUtility - Adding XPO type information for shopping_cart
2025-10-22 09:37:18,869 DEBUG core.XpoUtility - Adding XPO type information for shopping_cart_header
2025-10-22 09:37:18,869 DEBUG core.XpoUtility - Adding XPO type information for signature
2025-10-22 09:37:18,869 DEBUG core.XpoUtility - Adding XPO type information for specific_notes
2025-10-22 09:37:18,869 DEBUG core.XpoUtility - Adding XPO type information for stbb_bymonth
2025-10-22 09:37:18,870 DEBUG core.XpoUtility - Adding XPO type information for stock_transfer
2025-10-22 09:37:18,870 DEBUG core.XpoUtility - Adding XPO type information for stock_transfer_type
2025-10-22 09:37:18,870 DEBUG core.XpoUtility - Adding XPO type information for suggestion
2025-10-22 09:37:18,870 DEBUG core.XpoUtility - Adding XPO type information for target
2025-10-22 09:37:18,870 DEBUG core.XpoUtility - Adding XPO type information for target_type
2025-10-22 09:37:18,870 DEBUG core.XpoUtility - Adding XPO type information for task
2025-10-22 09:37:18,870 DEBUG core.XpoUtility - Adding XPO type information for task_history
2025-10-22 09:37:18,870 DEBUG core.XpoUtility - Adding XPO type information for task_member
2025-10-22 09:37:18,870 DEBUG core.XpoUtility - Adding XPO type information for task_status
2025-10-22 09:37:18,870 DEBUG core.XpoUtility - Adding XPO type information for tax
2025-10-22 09:37:18,870 DEBUG core.XpoUtility - Adding XPO type information for tax_entity
2025-10-22 09:37:18,871 DEBUG core.XpoUtility - Adding XPO type information for tax_entity_group
2025-10-22 09:37:18,871 DEBUG core.XpoUtility - Adding XPO type information for tax_entity_group_link
2025-10-22 09:37:18,871 DEBUG core.XpoUtility - Adding XPO type information for tax_entity_hiearchy
2025-10-22 09:37:18,871 DEBUG core.XpoUtility - Adding XPO type information for tax_entity_hierarchy
2025-10-22 09:37:18,871 DEBUG core.XpoUtility - Adding XPO type information for term
2025-10-22 09:37:18,871 DEBUG core.XpoUtility - Adding XPO type information for territory_mapping
2025-10-22 09:37:18,871 DEBUG core.XpoUtility - Adding XPO type information for ticketheader
2025-10-22 09:37:18,872 DEBUG core.XpoUtility - Adding XPO type information for ticketissues
2025-10-22 09:37:18,872 DEBUG core.XpoUtility - Adding XPO type information for ticketmanager
2025-10-22 09:37:18,872 DEBUG core.XpoUtility - Adding XPO type information for ticketpage
2025-10-22 09:37:18,872 DEBUG core.XpoUtility - Adding XPO type information for ticketpriority
2025-10-22 09:37:18,872 DEBUG core.XpoUtility - Adding XPO type information for ticketstatus
2025-10-22 09:37:18,872 DEBUG core.XpoUtility - Adding XPO type information for tickettype
2025-10-22 09:37:18,872 DEBUG core.XpoUtility - Adding XPO type information for ticket_files
2025-10-22 09:37:18,872 DEBUG core.XpoUtility - Adding XPO type information for ticket_group
2025-10-22 09:37:18,872 DEBUG core.XpoUtility - Adding XPO type information for ticket_group_type_link
2025-10-22 09:37:18,872 DEBUG core.XpoUtility - Adding XPO type information for ticket_memberview
2025-10-22 09:37:18,872 DEBUG core.XpoUtility - Adding XPO type information for ticket_tasks
2025-10-22 09:37:18,872 DEBUG core.XpoUtility - Adding XPO type information for ticket_team
2025-10-22 09:37:18,873 DEBUG core.XpoUtility - Adding XPO type information for ticket_team_memberid
2025-10-22 09:37:18,873 DEBUG core.XpoUtility - Adding XPO type information for ticket_vote
2025-10-22 09:37:18,873 DEBUG core.XpoUtility - Adding XPO type information for titles
2025-10-22 09:37:18,873 DEBUG core.XpoUtility - Adding XPO type information for tmp_woprog
2025-10-22 09:37:18,874 DEBUG core.XpoUtility - Adding XPO type information for training_curriculum
2025-10-22 09:37:18,874 DEBUG core.XpoUtility - Adding XPO type information for training_header
2025-10-22 09:37:18,874 DEBUG core.XpoUtility - Adding XPO type information for training_header_history
2025-10-22 09:37:18,874 DEBUG core.XpoUtility - Adding XPO type information for training_history
2025-10-22 09:37:18,874 DEBUG core.XpoUtility - Adding XPO type information for training_module
2025-10-22 09:37:18,874 DEBUG core.XpoUtility - Adding XPO type information for training_schedule
2025-10-22 09:37:18,874 DEBUG core.XpoUtility - Adding XPO type information for training_type
2025-10-22 09:37:18,874 DEBUG core.XpoUtility - Adding XPO type information for truck_history
2025-10-22 09:37:18,875 DEBUG core.XpoUtility - Adding XPO type information for user_switch
2025-10-22 09:37:18,875 DEBUG core.XpoUtility - Adding XPO type information for vacation_log
2025-10-22 09:37:18,875 DEBUG core.XpoUtility - Adding XPO type information for vacation_master
2025-10-22 09:37:18,875 DEBUG core.XpoUtility - Adding XPO type information for vacation_note
2025-10-22 09:37:18,875 DEBUG core.XpoUtility - Adding XPO type information for vacation_payment_method
2025-10-22 09:37:18,875 DEBUG core.XpoUtility - Adding XPO type information for vacation_status
2025-10-22 09:37:18,875 DEBUG core.XpoUtility - Adding XPO type information for vacation_transactions
2025-10-22 09:37:18,875 DEBUG core.XpoUtility - Adding XPO type information for vacation_type
2025-10-22 09:37:18,875 DEBUG core.XpoUtility - Adding XPO type information for vendor
2025-10-22 09:37:18,875 DEBUG core.XpoUtility - Adding XPO type information for vendor_business_unit
2025-10-22 09:37:18,876 DEBUG core.XpoUtility - Adding XPO type information for vendor_documents
2025-10-22 09:37:18,876 DEBUG core.XpoUtility - Adding XPO type information for vendor_merge_history
2025-10-22 09:37:18,876 DEBUG core.XpoUtility - Adding XPO type information for vendor_netsuite_map
2025-10-22 09:37:18,876 DEBUG core.XpoUtility - Adding XPO type information for video
2025-10-22 09:37:18,876 DEBUG core.XpoUtility - Adding XPO type information for video_category
2025-10-22 09:37:18,876 DEBUG core.XpoUtility - Adding XPO type information for video_page_lnk
2025-10-22 09:37:18,876 DEBUG core.XpoUtility - Adding XPO type information for video_privilege
2025-10-22 09:37:18,876 DEBUG core.XpoUtility - Adding XPO type information for video_watch_history
2025-10-22 09:37:18,876 DEBUG core.XpoUtility - Adding XPO type information for visible_business_units
2025-10-22 09:37:18,876 DEBUG core.XpoUtility - Adding XPO type information for watch
2025-10-22 09:37:18,876 DEBUG core.XpoUtility - Adding XPO type information for watch_wo_costs_sells_log
2025-10-22 09:37:18,876 DEBUG core.XpoUtility - Adding XPO type information for who_to_ask
2025-10-22 09:37:18,876 DEBUG core.XpoUtility - Adding XPO type information for wocomment
2025-10-22 09:37:18,876 DEBUG core.XpoUtility - Adding XPO type information for wodetailh_temp
2025-10-22 09:37:18,876 DEBUG core.XpoUtility - Adding XPO type information for woprog
2025-10-22 09:37:18,877 DEBUG core.XpoUtility - Adding XPO type information for woprogchanges
2025-10-22 09:37:18,877 DEBUG core.XpoUtility - Adding XPO type information for woprogchanges_snapshot
2025-10-22 09:37:18,878 DEBUG core.XpoUtility - Adding XPO type information for woprogcomment
2025-10-22 09:37:18,878 DEBUG core.XpoUtility - Adding XPO type information for woprogstatus
2025-10-22 09:37:18,878 DEBUG core.XpoUtility - Adding XPO type information for woprog_asset
2025-10-22 09:37:18,878 DEBUG core.XpoUtility - Adding XPO type information for woprog_invoice_text
2025-10-22 09:37:18,878 DEBUG core.XpoUtility - Adding XPO type information for woprog_jobtag
2025-10-22 09:37:18,878 DEBUG core.XpoUtility - Adding XPO type information for woprog_project_notes
2025-10-22 09:37:18,878 DEBUG core.XpoUtility - Adding XPO type information for woprog_scheduler
2025-10-22 09:37:18,878 DEBUG core.XpoUtility - Adding XPO type information for woprog_status
2025-10-22 09:37:18,878 DEBUG core.XpoUtility - Adding XPO type information for woprog_tasks
2025-10-22 09:37:18,878 DEBUG core.XpoUtility - Adding XPO type information for wo_associated
2025-10-22 09:37:18,878 DEBUG core.XpoUtility - Adding XPO type information for wo_checklist
2025-10-22 09:37:18,878 DEBUG core.XpoUtility - Adding XPO type information for wo_checklist_history
2025-10-22 09:37:18,880 DEBUG core.XpoUtility - Adding XPO type information for wo_detail_current
2025-10-22 09:37:18,880 DEBUG core.XpoUtility - Adding XPO type information for wo_detail_current_audit
2025-10-22 09:37:18,880 DEBUG core.XpoUtility - Adding XPO type information for wo_detail_history
2025-10-22 09:37:18,880 DEBUG core.XpoUtility - Adding XPO type information for wo_detail_lineitem_billtype
2025-10-22 09:37:18,880 DEBUG core.XpoUtility - Adding XPO type information for wo_freeze
2025-10-22 09:37:18,880 DEBUG core.XpoUtility - Adding XPO type information for wo_import_stage
2025-10-22 09:37:18,880 DEBUG core.XpoUtility - Adding XPO type information for wo_lag
2025-10-22 09:37:18,880 DEBUG core.XpoUtility - Adding XPO type information for wo_line_import_stage
2025-10-22 09:37:18,880 DEBUG core.XpoUtility - Adding XPO type information for wo_survey
2025-10-22 09:37:21,219 INFO NESI.WebAPI.SwaggerConfig - Registering Swagger support...
