2025-10-22 09:24:38,750 INFO Nesi.Web.Global - Application started in mode Default
2025-10-22 09:24:38,756 INFO Nesi.Web.Global - DEBUG symbol NOT defined for this environment
2025-10-22 09:24:38,759 INFO core.XpoUtility - Processing XPA assemblies
2025-10-22 09:24:38,797 DEBUG core.XpoUtility - Adding XPO type information for accounting_period
2025-10-22 09:24:38,820 DEBUG core.XpoUtility - Adding XPO type information for active_memberoffer
2025-10-22 09:24:38,820 DEBUG core.XpoUtility - Adding XPO type information for address
2025-10-22 09:24:38,824 DEBUG core.XpoUtility - Adding XPO type information for address_netsuite_map
2025-10-22 09:24:38,826 DEBUG core.XpoUtility - Adding XPO type information for adp_canada_codes
2025-10-22 09:24:38,826 DEBUG core.XpoUtility - Adding XPO type information for allowed_bu_on_wo
2025-10-22 09:24:38,827 DEBUG core.XpoUtility - Adding XPO type information for applicants
2025-10-22 09:24:38,827 DEBUG core.XpoUtility - Adding XPO type information for appointments
2025-10-22 09:24:38,828 DEBUG core.XpoUtility - Adding XPO type information for appointment_resource_member_hide_link
2025-10-22 09:24:38,828 DEBUG core.XpoUtility - Adding XPO type information for appointment_resource_member_link
2025-10-22 09:24:38,828 DEBUG core.XpoUtility - Adding XPO type information for appointment_status
2025-10-22 09:24:38,829 DEBUG core.XpoUtility - Adding XPO type information for apstatus
2025-10-22 09:24:38,829 DEBUG core.XpoUtility - Adding XPO type information for area_codes
2025-10-22 09:24:38,829 DEBUG core.XpoUtility - Adding XPO type information for ar_notes
2025-10-22 09:24:38,829 DEBUG core.XpoUtility - Adding XPO type information for assets
2025-10-22 09:24:38,831 DEBUG core.XpoUtility - Adding XPO type information for assets_history
2025-10-22 09:24:38,831 DEBUG core.XpoUtility - Adding XPO type information for assets_type
2025-10-22 09:24:38,831 DEBUG core.XpoUtility - Adding XPO type information for asset_customer_rate
2025-10-22 09:24:38,832 DEBUG core.XpoUtility - Adding XPO type information for asset_history_action
2025-10-22 09:24:38,832 DEBUG core.XpoUtility - Adding XPO type information for asset_status
2025-10-22 09:24:38,832 DEBUG core.XpoUtility - Adding XPO type information for auditgroup
2025-10-22 09:24:38,832 DEBUG core.XpoUtility - Adding XPO type information for audithistory_details
2025-10-22 09:24:38,832 DEBUG core.XpoUtility - Adding XPO type information for audithistory_header
2025-10-22 09:24:38,833 DEBUG core.XpoUtility - Adding XPO type information for audititem
2025-10-22 09:24:38,833 DEBUG core.XpoUtility - Adding XPO type information for audititem_group
2025-10-22 09:24:38,833 DEBUG core.XpoUtility - Adding XPO type information for audititem_ratingdesc
2025-10-22 09:24:38,833 DEBUG core.XpoUtility - Adding XPO type information for audititem_type
2025-10-22 09:24:38,833 DEBUG core.XpoUtility - Adding XPO type information for audit_group
2025-10-22 09:24:38,833 DEBUG core.XpoUtility - Adding XPO type information for audit_item
2025-10-22 09:24:38,833 DEBUG core.XpoUtility - Adding XPO type information for audit_type
2025-10-22 09:24:38,834 DEBUG core.XpoUtility - Adding XPO type information for audit_typegroup_link
2025-10-22 09:24:38,834 DEBUG core.XpoUtility - Adding XPO type information for auto_reports
2025-10-22 09:24:38,834 DEBUG core.XpoUtility - Adding XPO type information for auto_reports_schedule
2025-10-22 09:24:38,834 DEBUG core.XpoUtility - Adding XPO type information for auto_report_history
2025-10-22 09:24:38,834 DEBUG core.XpoUtility - Adding XPO type information for bankedpay_ledger
2025-10-22 09:24:38,834 DEBUG core.XpoUtility - Adding XPO type information for bankedpay_ledger_type
2025-10-22 09:24:38,834 DEBUG core.XpoUtility - Adding XPO type information for barcode_prefix
2025-10-22 09:24:38,834 DEBUG core.XpoUtility - Adding XPO type information for benefit_details
2025-10-22 09:24:38,834 DEBUG core.XpoUtility - Adding XPO type information for bingo_data
2025-10-22 09:24:38,834 DEBUG core.XpoUtility - Adding XPO type information for bingo_queries
2025-10-22 09:24:38,834 DEBUG core.XpoUtility - Adding XPO type information for bonus_membertype_link
2025-10-22 09:24:38,834 DEBUG core.XpoUtility - Adding XPO type information for bonus_type
2025-10-22 09:24:38,835 DEBUG core.XpoUtility - Adding XPO type information for breaktime
2025-10-22 09:24:38,835 DEBUG core.XpoUtility - Adding XPO type information for business
2025-10-22 09:24:38,835 DEBUG core.XpoUtility - Adding XPO type information for business_unit
2025-10-22 09:24:38,837 DEBUG core.XpoUtility - Adding XPO type information for business_unit_comp_div
2025-10-22 09:24:38,837 DEBUG core.XpoUtility - Adding XPO type information for business_unit_hiearchy
2025-10-22 09:24:38,837 DEBUG core.XpoUtility - Adding XPO type information for business_unit_po_dist
2025-10-22 09:24:38,837 DEBUG core.XpoUtility - Adding XPO type information for bu_paytype_link
2025-10-22 09:24:38,837 DEBUG core.XpoUtility - Adding XPO type information for cap_training_schedule
2025-10-22 09:24:38,837 DEBUG core.XpoUtility - Adding XPO type information for cellphone
2025-10-22 09:24:38,837 DEBUG core.XpoUtility - Adding XPO type information for cellphone_app_device
2025-10-22 09:24:38,837 DEBUG core.XpoUtility - Adding XPO type information for cellphone_app_imei
2025-10-22 09:24:38,837 DEBUG core.XpoUtility - Adding XPO type information for cellphone_app_sim
2025-10-22 09:24:38,838 DEBUG core.XpoUtility - Adding XPO type information for cellphone_carrier
2025-10-22 09:24:38,838 DEBUG core.XpoUtility - Adding XPO type information for cellphone_gps
2025-10-22 09:24:38,838 DEBUG core.XpoUtility - Adding XPO type information for cellphone_history
2025-10-22 09:24:38,838 DEBUG core.XpoUtility - Adding XPO type information for cellphone_number
2025-10-22 09:24:38,838 DEBUG core.XpoUtility - Adding XPO type information for cellphone_number_history
2025-10-22 09:24:38,838 DEBUG core.XpoUtility - Adding XPO type information for cellphone_status
2025-10-22 09:24:38,838 DEBUG core.XpoUtility - Adding XPO type information for certificates
2025-10-22 09:24:38,838 DEBUG core.XpoUtility - Adding XPO type information for certificates_credential_link
2025-10-22 09:24:38,838 DEBUG core.XpoUtility - Adding XPO type information for certificate_history
2025-10-22 09:24:38,838 DEBUG core.XpoUtility - Adding XPO type information for certificate_skill_link
2025-10-22 09:24:38,838 DEBUG core.XpoUtility - Adding XPO type information for certificate_training_link
2025-10-22 09:24:38,838 DEBUG core.XpoUtility - Adding XPO type information for chargeout
2025-10-22 09:24:38,838 DEBUG core.XpoUtility - Adding XPO type information for collection_history
2025-10-22 09:24:38,838 DEBUG core.XpoUtility - Adding XPO type information for contact
2025-10-22 09:24:38,839 DEBUG core.XpoUtility - Adding XPO type information for contactpage
2025-10-22 09:24:38,839 DEBUG core.XpoUtility - Adding XPO type information for contactpageprivilege
2025-10-22 09:24:38,839 DEBUG core.XpoUtility - Adding XPO type information for contact_history
2025-10-22 09:24:38,839 DEBUG core.XpoUtility - Adding XPO type information for contact_netsuite_map
2025-10-22 09:24:38,839 DEBUG core.XpoUtility - Adding XPO type information for conversion_map
2025-10-22 09:24:38,839 DEBUG core.XpoUtility - Adding XPO type information for conversion_unit
2025-10-22 09:24:38,839 DEBUG core.XpoUtility - Adding XPO type information for core_responsibilities
2025-10-22 09:24:38,839 DEBUG core.XpoUtility - Adding XPO type information for core_responsibilities_privilege
2025-10-22 09:24:38,840 DEBUG core.XpoUtility - Adding XPO type information for country
2025-10-22 09:24:38,840 DEBUG core.XpoUtility - Adding XPO type information for credit_cards
2025-10-22 09:24:38,840 DEBUG core.XpoUtility - Adding XPO type information for credit_card_purchase
2025-10-22 09:24:38,840 DEBUG core.XpoUtility - Adding XPO type information for credit_card_purchase_netsuite_xref
2025-10-22 09:24:38,840 DEBUG core.XpoUtility - Adding XPO type information for cr_certificates
2025-10-22 09:24:38,841 DEBUG core.XpoUtility - Adding XPO type information for cr_group
2025-10-22 09:24:38,841 DEBUG core.XpoUtility - Adding XPO type information for cr_qualifications
2025-10-22 09:24:38,841 DEBUG core.XpoUtility - Adding XPO type information for cr_review
2025-10-22 09:24:38,841 DEBUG core.XpoUtility - Adding XPO type information for cr_skills_link
2025-10-22 09:24:38,841 DEBUG core.XpoUtility - Adding XPO type information for cr_skills_priority
2025-10-22 09:24:38,841 DEBUG core.XpoUtility - Adding XPO type information for currency
2025-10-22 09:24:38,841 DEBUG core.XpoUtility - Adding XPO type information for currency_history
2025-10-22 09:24:38,841 DEBUG core.XpoUtility - Adding XPO type information for customer
2025-10-22 09:24:38,842 DEBUG core.XpoUtility - Adding XPO type information for customer_asset
2025-10-22 09:24:38,842 DEBUG core.XpoUtility - Adding XPO type information for customer_asset_history
2025-10-22 09:24:38,842 DEBUG core.XpoUtility - Adding XPO type information for customer_business_unit
2025-10-22 09:24:38,842 DEBUG core.XpoUtility - Adding XPO type information for customer_collection_status
2025-10-22 09:24:38,842 DEBUG core.XpoUtility - Adding XPO type information for customer_company
2025-10-22 09:24:38,842 DEBUG core.XpoUtility - Adding XPO type information for customer_default_invoice_types
2025-10-22 09:24:38,842 DEBUG core.XpoUtility - Adding XPO type information for customer_history
2025-10-22 09:24:38,843 DEBUG core.XpoUtility - Adding XPO type information for customer_internal_link
2025-10-22 09:24:38,843 DEBUG core.XpoUtility - Adding XPO type information for customer_netsuite_map
2025-10-22 09:24:38,843 DEBUG core.XpoUtility - Adding XPO type information for customer_origin
2025-10-22 09:24:38,843 DEBUG core.XpoUtility - Adding XPO type information for customer_or_contact_status
2025-10-22 09:24:38,843 DEBUG core.XpoUtility - Adding XPO type information for customer_rate
2025-10-22 09:24:38,843 DEBUG core.XpoUtility - Adding XPO type information for customer_sales_properties
2025-10-22 09:24:38,843 DEBUG core.XpoUtility - Adding XPO type information for customer_ticketheader
2025-10-22 09:24:38,844 DEBUG core.XpoUtility - Adding XPO type information for customer_ticketissues
2025-10-22 09:24:38,844 DEBUG core.XpoUtility - Adding XPO type information for customer_ticketmanager
2025-10-22 09:24:38,844 DEBUG core.XpoUtility - Adding XPO type information for customer_ticketpage
2025-10-22 09:24:38,844 DEBUG core.XpoUtility - Adding XPO type information for customer_ticketpriority
2025-10-22 09:24:38,844 DEBUG core.XpoUtility - Adding XPO type information for customer_ticketstatus
2025-10-22 09:24:38,844 DEBUG core.XpoUtility - Adding XPO type information for customer_tickettype
2025-10-22 09:24:38,844 DEBUG core.XpoUtility - Adding XPO type information for cust_vend_requests
2025-10-22 09:24:38,844 DEBUG core.XpoUtility - Adding XPO type information for daily_finance
2025-10-22 09:24:38,844 DEBUG core.XpoUtility - Adding XPO type information for dashboard
2025-10-22 09:24:38,844 DEBUG core.XpoUtility - Adding XPO type information for dashboardtmp
2025-10-22 09:24:38,844 DEBUG core.XpoUtility - Adding XPO type information for dashboard_header
2025-10-22 09:24:38,845 DEBUG core.XpoUtility - Adding XPO type information for dashboard_snapshot_daily
2025-10-22 09:24:38,845 DEBUG core.XpoUtility - Adding XPO type information for dashboard_snapshot_hist
2025-10-22 09:24:38,845 DEBUG core.XpoUtility - Adding XPO type information for dashboard_thresholds
2025-10-22 09:24:38,846 DEBUG core.XpoUtility - Adding XPO type information for days_off_canned_reasons
2025-10-22 09:24:38,846 DEBUG core.XpoUtility - Adding XPO type information for digitalsignage
2025-10-22 09:24:38,846 DEBUG core.XpoUtility - Adding XPO type information for distribution_group
2025-10-22 09:24:38,846 DEBUG core.XpoUtility - Adding XPO type information for distribution_group_link
2025-10-22 09:24:38,846 DEBUG core.XpoUtility - Adding XPO type information for download
2025-10-22 09:24:38,846 DEBUG core.XpoUtility - Adding XPO type information for downloadcat
2025-10-22 09:24:38,846 DEBUG core.XpoUtility - Adding XPO type information for edit_type
2025-10-22 09:24:38,846 DEBUG core.XpoUtility - Adding XPO type information for emaillog
2025-10-22 09:24:38,846 DEBUG core.XpoUtility - Adding XPO type information for emp_review
2025-10-22 09:24:38,846 DEBUG core.XpoUtility - Adding XPO type information for emp_review_group
2025-10-22 09:24:38,846 DEBUG core.XpoUtility - Adding XPO type information for emp_review_history
2025-10-22 09:24:38,846 DEBUG core.XpoUtility - Adding XPO type information for emp_review_items
2025-10-22 09:24:38,846 DEBUG core.XpoUtility - Adding XPO type information for emp_trm
2025-10-22 09:24:38,847 DEBUG core.XpoUtility - Adding XPO type information for emp_trm_chklist_lnk
2025-10-22 09:24:38,847 DEBUG core.XpoUtility - Adding XPO type information for emp_trm_chklist_opt
2025-10-22 09:24:38,847 DEBUG core.XpoUtility - Adding XPO type information for eritem
2025-10-22 09:24:38,847 DEBUG core.XpoUtility - Adding XPO type information for erjob
2025-10-22 09:24:38,847 DEBUG core.XpoUtility - Adding XPO type information for error
2025-10-22 09:24:38,847 DEBUG core.XpoUtility - Adding XPO type information for error_log
2025-10-22 09:24:38,847 DEBUG core.XpoUtility - Adding XPO type information for er_branch_data
2025-10-22 09:24:38,847 DEBUG core.XpoUtility - Adding XPO type information for er_vendor_data
2025-10-22 09:24:38,847 DEBUG core.XpoUtility - Adding XPO type information for event_table
2025-10-22 09:24:38,847 DEBUG core.XpoUtility - Adding XPO type information for expense_category
2025-10-22 09:24:38,848 DEBUG core.XpoUtility - Adding XPO type information for expense_category_business_unit
2025-10-22 09:24:38,848 DEBUG core.XpoUtility - Adding XPO type information for expense_reimbursement
2025-10-22 09:24:38,848 DEBUG core.XpoUtility - Adding XPO type information for expense_reimbursement_netsuite_xref
2025-10-22 09:24:38,848 DEBUG core.XpoUtility - Adding XPO type information for expense_seller
2025-10-22 09:24:38,848 DEBUG core.XpoUtility - Adding XPO type information for ext_website_credentials
2025-10-22 09:24:38,848 DEBUG core.XpoUtility - Adding XPO type information for failed_login
2025-10-22 09:24:38,848 DEBUG core.XpoUtility - Adding XPO type information for faq
2025-10-22 09:24:38,848 DEBUG core.XpoUtility - Adding XPO type information for faq_section
2025-10-22 09:24:38,848 DEBUG core.XpoUtility - Adding XPO type information for fytarget
2025-10-22 09:24:38,848 DEBUG core.XpoUtility - Adding XPO type information for fytarget_employees
2025-10-22 09:24:38,849 DEBUG core.XpoUtility - Adding XPO type information for gantt_data
2025-10-22 09:24:38,849 DEBUG core.XpoUtility - Adding XPO type information for gltrans
2025-10-22 09:24:38,849 DEBUG core.XpoUtility - Adding XPO type information for gl_chart_of_accounts
2025-10-22 09:24:38,850 DEBUG core.XpoUtility - Adding XPO type information for gl_chart_of_accounts_staging
2025-10-22 09:24:38,850 DEBUG core.XpoUtility - Adding XPO type information for gl_control_accounts
2025-10-22 09:24:38,850 DEBUG core.XpoUtility - Adding XPO type information for gl_group_te
2025-10-22 09:24:38,850 DEBUG core.XpoUtility - Adding XPO type information for gl_note_te
2025-10-22 09:24:38,851 DEBUG core.XpoUtility - Adding XPO type information for gl_special_accounts
2025-10-22 09:24:38,851 DEBUG core.XpoUtility - Adding XPO type information for gl_special_account_te_link
2025-10-22 09:24:38,851 DEBUG core.XpoUtility - Adding XPO type information for gl_subgroup_te
2025-10-22 09:24:38,851 DEBUG core.XpoUtility - Adding XPO type information for gl_te
2025-10-22 09:24:38,851 DEBUG core.XpoUtility - Adding XPO type information for gl_type_mapping
2025-10-22 09:24:38,851 DEBUG core.XpoUtility - Adding XPO type information for graph
2025-10-22 09:24:38,851 DEBUG core.XpoUtility - Adding XPO type information for gridviewlayouts
2025-10-22 09:24:38,851 DEBUG core.XpoUtility - Adding XPO type information for historycust
2025-10-22 09:24:38,852 DEBUG core.XpoUtility - Adding XPO type information for historypo
2025-10-22 09:24:38,852 DEBUG core.XpoUtility - Adding XPO type information for history_action_type
2025-10-22 09:24:38,852 DEBUG core.XpoUtility - Adding XPO type information for holidays
2025-10-22 09:24:38,852 DEBUG core.XpoUtility - Adding XPO type information for huddle
2025-10-22 09:24:38,852 DEBUG core.XpoUtility - Adding XPO type information for huddle_source
2025-10-22 09:24:38,852 DEBUG core.XpoUtility - Adding XPO type information for huddle_task
2025-10-22 09:24:38,852 DEBUG core.XpoUtility - Adding XPO type information for huddle_task_comments
2025-10-22 09:24:38,852 DEBUG core.XpoUtility - Adding XPO type information for huddle_user
2025-10-22 09:24:38,852 DEBUG core.XpoUtility - Adding XPO type information for hu_snapshot
2025-10-22 09:24:38,853 DEBUG core.XpoUtility - Adding XPO type information for inc_stmt_note
2025-10-22 09:24:38,853 DEBUG core.XpoUtility - Adding XPO type information for internal_companyno
2025-10-22 09:24:38,853 DEBUG core.XpoUtility - Adding XPO type information for internal_project
2025-10-22 09:24:38,853 DEBUG core.XpoUtility - Adding XPO type information for invattribute
2025-10-22 09:24:38,853 DEBUG core.XpoUtility - Adding XPO type information for inventory_alternate
2025-10-22 09:24:38,853 DEBUG core.XpoUtility - Adding XPO type information for inventory_annual_counts
2025-10-22 09:24:38,853 DEBUG core.XpoUtility - Adding XPO type information for inventory_annual_counts_history
2025-10-22 09:24:38,853 DEBUG core.XpoUtility - Adding XPO type information for inventory_annual_count_header
2025-10-22 09:24:38,853 DEBUG core.XpoUtility - Adding XPO type information for inventory_attribute
2025-10-22 09:24:38,853 DEBUG core.XpoUtility - Adding XPO type information for inventory_attribute_value
2025-10-22 09:24:38,854 DEBUG core.XpoUtility - Adding XPO type information for inventory_audit
2025-10-22 09:24:38,854 DEBUG core.XpoUtility - Adding XPO type information for inventory_barcode
2025-10-22 09:24:38,854 DEBUG core.XpoUtility - Adding XPO type information for inventory_branch
2025-10-22 09:24:38,854 DEBUG core.XpoUtility - Adding XPO type information for inventory_branch_options
2025-10-22 09:24:38,854 DEBUG core.XpoUtility - Adding XPO type information for inventory_consignment
2025-10-22 09:24:38,854 DEBUG core.XpoUtility - Adding XPO type information for inventory_cost
2025-10-22 09:24:38,854 DEBUG core.XpoUtility - Adding XPO type information for inventory_description
2025-10-22 09:24:38,854 DEBUG core.XpoUtility - Adding XPO type information for inventory_dollar_balance_daily
2025-10-22 09:24:38,854 DEBUG core.XpoUtility - Adding XPO type information for inventory_expiry_period
2025-10-22 09:24:38,855 DEBUG core.XpoUtility - Adding XPO type information for inventory_group_dtl
2025-10-22 09:24:38,855 DEBUG core.XpoUtility - Adding XPO type information for inventory_group_hdr
2025-10-22 09:24:38,855 DEBUG core.XpoUtility - Adding XPO type information for inventory_history
2025-10-22 09:24:38,855 DEBUG core.XpoUtility - Adding XPO type information for inventory_import_stage
2025-10-22 09:24:38,855 DEBUG core.XpoUtility - Adding XPO type information for inventory_incorrect_levels
2025-10-22 09:24:38,855 DEBUG core.XpoUtility - Adding XPO type information for inventory_item_detail
2025-10-22 09:24:38,855 DEBUG core.XpoUtility - Adding XPO type information for inventory_item_master
2025-10-22 09:24:38,855 DEBUG core.XpoUtility - Adding XPO type information for inventory_kit_dtl
2025-10-22 09:24:38,855 DEBUG core.XpoUtility - Adding XPO type information for inventory_kit_hdr
2025-10-22 09:24:38,855 DEBUG core.XpoUtility - Adding XPO type information for inventory_location
2025-10-22 09:24:38,855 DEBUG core.XpoUtility - Adding XPO type information for inventory_location_master
2025-10-22 09:24:38,856 DEBUG core.XpoUtility - Adding XPO type information for inventory_location_type
2025-10-22 09:24:38,856 DEBUG core.XpoUtility - Adding XPO type information for inventory_note
2025-10-22 09:24:38,856 DEBUG core.XpoUtility - Adding XPO type information for inventory_per_unit
2025-10-22 09:24:38,856 DEBUG core.XpoUtility - Adding XPO type information for inventory_picture
2025-10-22 09:24:38,856 DEBUG core.XpoUtility - Adding XPO type information for inventory_price
2025-10-22 09:24:38,856 DEBUG core.XpoUtility - Adding XPO type information for inventory_price_history
2025-10-22 09:24:38,856 DEBUG core.XpoUtility - Adding XPO type information for inventory_reference
2025-10-22 09:24:38,856 DEBUG core.XpoUtility - Adding XPO type information for inventory_referencetype
2025-10-22 09:24:38,856 DEBUG core.XpoUtility - Adding XPO type information for inventory_sellprice
2025-10-22 09:24:38,856 DEBUG core.XpoUtility - Adding XPO type information for inventory_sellprice_history
2025-10-22 09:24:38,857 DEBUG core.XpoUtility - Adding XPO type information for inventory_sold_as
2025-10-22 09:24:38,857 DEBUG core.XpoUtility - Adding XPO type information for inventory_tag
2025-10-22 09:24:38,857 DEBUG core.XpoUtility - Adding XPO type information for inventory_tag_link
2025-10-22 09:24:38,857 DEBUG core.XpoUtility - Adding XPO type information for inventory_tag_preset
2025-10-22 09:24:38,857 DEBUG core.XpoUtility - Adding XPO type information for inventory_tag_tradename
2025-10-22 09:24:38,857 DEBUG core.XpoUtility - Adding XPO type information for inventory_tax
2025-10-22 09:24:38,857 DEBUG core.XpoUtility - Adding XPO type information for inventory_usage
2025-10-22 09:24:38,857 DEBUG core.XpoUtility - Adding XPO type information for inventory_usage_copy
2025-10-22 09:24:38,857 DEBUG core.XpoUtility - Adding XPO type information for invoice_collection_status
2025-10-22 09:24:38,858 DEBUG core.XpoUtility - Adding XPO type information for invoice_service_email_report_history
2025-10-22 09:24:38,858 DEBUG core.XpoUtility - Adding XPO type information for journal_entry
2025-10-22 09:24:38,858 DEBUG core.XpoUtility - Adding XPO type information for journal_entry_line
2025-10-22 09:24:38,858 DEBUG core.XpoUtility - Adding XPO type information for leavetype
2025-10-22 09:24:38,858 DEBUG core.XpoUtility - Adding XPO type information for log
2025-10-22 09:24:38,858 DEBUG core.XpoUtility - Adding XPO type information for logging_agent_error_log
2025-10-22 09:24:38,858 DEBUG core.XpoUtility - Adding XPO type information for log_action
2025-10-22 09:24:38,858 DEBUG core.XpoUtility - Adding XPO type information for log_page
2025-10-22 09:24:38,858 DEBUG core.XpoUtility - Adding XPO type information for log_page_asax
2025-10-22 09:24:38,859 DEBUG core.XpoUtility - Adding XPO type information for log_section
2025-10-22 09:24:38,859 DEBUG core.XpoUtility - Adding XPO type information for manufacturer
2025-10-22 09:24:38,859 DEBUG core.XpoUtility - Adding XPO type information for manufacturervendor
2025-10-22 09:24:38,859 DEBUG core.XpoUtility - Adding XPO type information for markup_formula
2025-10-22 09:24:38,859 DEBUG core.XpoUtility - Adding XPO type information for master_skills
2025-10-22 09:24:38,859 DEBUG core.XpoUtility - Adding XPO type information for master_skill_review_questions
2025-10-22 09:24:38,859 DEBUG core.XpoUtility - Adding XPO type information for matt
2025-10-22 09:24:38,859 DEBUG core.XpoUtility - Adding XPO type information for member
2025-10-22 09:24:38,861 DEBUG core.XpoUtility - Adding XPO type information for memberaddressaudit
2025-10-22 09:24:38,862 DEBUG core.XpoUtility - Adding XPO type information for memberdaysoff
2025-10-22 09:24:38,862 DEBUG core.XpoUtility - Adding XPO type information for memberdaysoffack
2025-10-22 09:24:38,862 DEBUG core.XpoUtility - Adding XPO type information for memberdivision
2025-10-22 09:24:38,862 DEBUG core.XpoUtility - Adding XPO type information for membergraph
2025-10-22 09:24:38,862 DEBUG core.XpoUtility - Adding XPO type information for membernote
2025-10-22 09:24:38,862 DEBUG core.XpoUtility - Adding XPO type information for memberoffer_cr
2025-10-22 09:24:38,862 DEBUG core.XpoUtility - Adding XPO type information for memberoffer_milestones
2025-10-22 09:24:38,862 DEBUG core.XpoUtility - Adding XPO type information for memberpage
2025-10-22 09:24:38,862 DEBUG core.XpoUtility - Adding XPO type information for memberpageprivilege
2025-10-22 09:24:38,862 DEBUG core.XpoUtility - Adding XPO type information for membertime
2025-10-22 09:24:38,863 DEBUG core.XpoUtility - Adding XPO type information for membertimeaudit
2025-10-22 09:24:38,863 DEBUG core.XpoUtility - Adding XPO type information for membertime_netsuite_xref
2025-10-22 09:24:38,863 DEBUG core.XpoUtility - Adding XPO type information for membertime_projecttask
2025-10-22 09:24:38,863 DEBUG core.XpoUtility - Adding XPO type information for membertime_projecttask_netsuite_xref
2025-10-22 09:24:38,864 DEBUG core.XpoUtility - Adding XPO type information for membertime_shop_link
2025-10-22 09:24:38,864 DEBUG core.XpoUtility - Adding XPO type information for membertime_shop_type
2025-10-22 09:24:38,864 DEBUG core.XpoUtility - Adding XPO type information for membertime_tags
2025-10-22 09:24:38,864 DEBUG core.XpoUtility - Adding XPO type information for membertime_ts_lite_paytypes
2025-10-22 09:24:38,864 DEBUG core.XpoUtility - Adding XPO type information for membertime_type
2025-10-22 09:24:38,864 DEBUG core.XpoUtility - Adding XPO type information for membertime_type_gl_link
2025-10-22 09:24:38,864 DEBUG core.XpoUtility - Adding XPO type information for membertype
2025-10-22 09:24:38,864 DEBUG core.XpoUtility - Adding XPO type information for membertypehours
2025-10-22 09:24:38,864 DEBUG core.XpoUtility - Adding XPO type information for membertypepage
2025-10-22 09:24:38,864 DEBUG core.XpoUtility - Adding XPO type information for membertypepageprivilege
2025-10-22 09:24:38,865 DEBUG core.XpoUtility - Adding XPO type information for membertype_auto_reports
2025-10-22 09:24:38,865 DEBUG core.XpoUtility - Adding XPO type information for membertype_chargeout
2025-10-22 09:24:38,865 DEBUG core.XpoUtility - Adding XPO type information for membertype_chargeout_back
2025-10-22 09:24:38,865 DEBUG core.XpoUtility - Adding XPO type information for membertype_chargeout_history
2025-10-22 09:24:38,865 DEBUG core.XpoUtility - Adding XPO type information for membertype_classification
2025-10-22 09:24:38,865 DEBUG core.XpoUtility - Adding XPO type information for membertype_responsibilities
2025-10-22 09:24:38,865 DEBUG core.XpoUtility - Adding XPO type information for memberwage
2025-10-22 09:24:38,865 DEBUG core.XpoUtility - Adding XPO type information for memberx
2025-10-22 09:24:38,866 DEBUG core.XpoUtility - Adding XPO type information for member_apprentice_level
2025-10-22 09:24:38,866 DEBUG core.XpoUtility - Adding XPO type information for member_certificates
2025-10-22 09:24:38,866 DEBUG core.XpoUtility - Adding XPO type information for member_fvr_dtl
2025-10-22 09:24:38,866 DEBUG core.XpoUtility - Adding XPO type information for member_fvr_hdr
2025-10-22 09:24:38,866 DEBUG core.XpoUtility - Adding XPO type information for member_fvr_history
2025-10-22 09:24:38,866 DEBUG core.XpoUtility - Adding XPO type information for member_fvr_status
2025-10-22 09:24:38,866 DEBUG core.XpoUtility - Adding XPO type information for member_fvr_tab
2025-10-22 09:24:38,866 DEBUG core.XpoUtility - Adding XPO type information for member_fvr_template_detail
2025-10-22 09:24:38,866 DEBUG core.XpoUtility - Adding XPO type information for member_fvr_template_header
2025-10-22 09:24:38,866 DEBUG core.XpoUtility - Adding XPO type information for member_hrstatus
2025-10-22 09:24:38,866 DEBUG core.XpoUtility - Adding XPO type information for member_import_stage
2025-10-22 09:24:38,867 DEBUG core.XpoUtility - Adding XPO type information for member_i_template
2025-10-22 09:24:38,867 DEBUG core.XpoUtility - Adding XPO type information for member_netsuite_xref
2025-10-22 09:24:38,867 DEBUG core.XpoUtility - Adding XPO type information for member_offers
2025-10-22 09:24:38,867 DEBUG core.XpoUtility - Adding XPO type information for member_offers_prod
2025-10-22 09:24:38,867 DEBUG core.XpoUtility - Adding XPO type information for member_offers_uat
2025-10-22 09:24:38,868 DEBUG core.XpoUtility - Adding XPO type information for member_paytype
2025-10-22 09:24:38,868 DEBUG core.XpoUtility - Adding XPO type information for member_skills
2025-10-22 09:24:38,868 DEBUG core.XpoUtility - Adding XPO type information for member_task_cc
2025-10-22 09:24:38,868 DEBUG core.XpoUtility - Adding XPO type information for member_temp
2025-10-22 09:24:38,868 DEBUG core.XpoUtility - Adding XPO type information for member_tile
2025-10-22 09:24:38,868 DEBUG core.XpoUtility - Adding XPO type information for member_tile_type
2025-10-22 09:24:38,868 DEBUG core.XpoUtility - Adding XPO type information for member_tile_type_link
2025-10-22 09:24:38,868 DEBUG core.XpoUtility - Adding XPO type information for member_timesheet_accuracy
2025-10-22 09:24:38,868 DEBUG core.XpoUtility - Adding XPO type information for member_todo_list_helper
2025-10-22 09:24:38,868 DEBUG core.XpoUtility - Adding XPO type information for message
2025-10-22 09:24:38,868 DEBUG core.XpoUtility - Adding XPO type information for messageboard_chat
2025-10-22 09:24:38,868 DEBUG core.XpoUtility - Adding XPO type information for messageto
2025-10-22 09:24:38,868 DEBUG core.XpoUtility - Adding XPO type information for messagetype
2025-10-22 09:24:38,868 DEBUG core.XpoUtility - Adding XPO type information for migration_expense_category_for_po
2025-10-22 09:24:38,868 DEBUG core.XpoUtility - Adding XPO type information for n2_profile_category
2025-10-22 09:24:38,869 DEBUG core.XpoUtility - Adding XPO type information for n2_profile_property
2025-10-22 09:24:38,869 DEBUG core.XpoUtility - Adding XPO type information for n2_user_profile
2025-10-22 09:24:38,869 DEBUG core.XpoUtility - Adding XPO type information for nesi_conversion_table
2025-10-22 09:24:38,869 DEBUG core.XpoUtility - Adding XPO type information for netsuite_queue
2025-10-22 09:24:38,869 DEBUG core.XpoUtility - Adding XPO type information for netsuite_sync_error
2025-10-22 09:24:38,869 DEBUG core.XpoUtility - Adding XPO type information for new_milestone
2025-10-22 09:24:38,869 DEBUG core.XpoUtility - Adding XPO type information for ne_file_revision
2025-10-22 09:24:38,869 DEBUG core.XpoUtility - Adding XPO type information for ne_session
2025-10-22 09:24:38,869 DEBUG core.XpoUtility - Adding XPO type information for note_templates
2025-10-22 09:24:38,869 DEBUG core.XpoUtility - Adding XPO type information for oncall_schedule
2025-10-22 09:24:38,869 DEBUG core.XpoUtility - Adding XPO type information for ownership
2025-10-22 09:24:38,869 DEBUG core.XpoUtility - Adding XPO type information for page
2025-10-22 09:24:38,870 DEBUG core.XpoUtility - Adding XPO type information for pageprivilege
2025-10-22 09:24:38,870 DEBUG core.XpoUtility - Adding XPO type information for pageprivilege_template
2025-10-22 09:24:38,870 DEBUG core.XpoUtility - Adding XPO type information for pageprivilege_template_item
2025-10-22 09:24:38,870 DEBUG core.XpoUtility - Adding XPO type information for page_related
2025-10-22 09:24:38,870 DEBUG core.XpoUtility - Adding XPO type information for page_wiki
2025-10-22 09:24:38,870 DEBUG core.XpoUtility - Adding XPO type information for partner_skills
2025-10-22 09:24:38,870 DEBUG core.XpoUtility - Adding XPO type information for part_request
2025-10-22 09:24:38,870 DEBUG core.XpoUtility - Adding XPO type information for part_request_history
2025-10-22 09:24:38,870 DEBUG core.XpoUtility - Adding XPO type information for part_request_origin
2025-10-22 09:24:38,871 DEBUG core.XpoUtility - Adding XPO type information for part_request_statuslist
2025-10-22 09:24:38,871 DEBUG core.XpoUtility - Adding XPO type information for passport
2025-10-22 09:24:38,871 DEBUG core.XpoUtility - Adding XPO type information for payperiods
2025-10-22 09:24:38,871 DEBUG core.XpoUtility - Adding XPO type information for payperiod_tax_entity
2025-10-22 09:24:38,871 DEBUG core.XpoUtility - Adding XPO type information for payroll
2025-10-22 09:24:38,871 DEBUG core.XpoUtility - Adding XPO type information for payroll_entry_types
2025-10-22 09:24:38,871 DEBUG core.XpoUtility - Adding XPO type information for payroll_extra_payments
2025-10-22 09:24:38,871 DEBUG core.XpoUtility - Adding XPO type information for payroll_hours
2025-10-22 09:24:38,871 DEBUG core.XpoUtility - Adding XPO type information for payroll_progress
2025-10-22 09:24:38,872 DEBUG core.XpoUtility - Adding XPO type information for paytypehours
2025-10-22 09:24:38,872 DEBUG core.XpoUtility - Adding XPO type information for phone_log
2025-10-22 09:24:38,872 DEBUG core.XpoUtility - Adding XPO type information for phone_numbers
2025-10-22 09:24:38,872 DEBUG core.XpoUtility - Adding XPO type information for poprogcomment
2025-10-22 09:24:38,872 DEBUG core.XpoUtility - Adding XPO type information for poprogstatus
2025-10-22 09:24:38,872 DEBUG core.XpoUtility - Adding XPO type information for poprog_cc
2025-10-22 09:24:38,872 DEBUG core.XpoUtility - Adding XPO type information for poprog_header
2025-10-22 09:24:38,873 DEBUG core.XpoUtility - Adding XPO type information for poprog_notes
2025-10-22 09:24:38,873 DEBUG core.XpoUtility - Adding XPO type information for poprog_part_history
2025-10-22 09:24:38,873 DEBUG core.XpoUtility - Adding XPO type information for poprog_payment_method
2025-10-22 09:24:38,873 DEBUG core.XpoUtility - Adding XPO type information for poprog_scans
2025-10-22 09:24:38,873 DEBUG core.XpoUtility - Adding XPO type information for poprog_shipping
2025-10-22 09:24:38,873 DEBUG core.XpoUtility - Adding XPO type information for poprog_status
2025-10-22 09:24:38,874 DEBUG core.XpoUtility - Adding XPO type information for po_details_current
2025-10-22 09:24:38,874 DEBUG core.XpoUtility - Adding XPO type information for po_gl_acct
2025-10-22 09:24:38,874 DEBUG core.XpoUtility - Adding XPO type information for po_import_stage
2025-10-22 09:24:38,875 DEBUG core.XpoUtility - Adding XPO type information for po_line_import_stage
2025-10-22 09:24:38,875 DEBUG core.XpoUtility - Adding XPO type information for privilege
2025-10-22 09:24:38,876 DEBUG core.XpoUtility - Adding XPO type information for privilege_detail
2025-10-22 09:24:38,876 DEBUG core.XpoUtility - Adding XPO type information for privilege_global
2025-10-22 09:24:38,876 DEBUG core.XpoUtility - Adding XPO type information for privilege_global_link
2025-10-22 09:24:38,877 DEBUG core.XpoUtility - Adding XPO type information for privilege_global_link_type
2025-10-22 09:24:38,877 DEBUG core.XpoUtility - Adding XPO type information for progress_billings
2025-10-22 09:24:38,877 DEBUG core.XpoUtility - Adding XPO type information for properties
2025-10-22 09:24:38,877 DEBUG core.XpoUtility - Adding XPO type information for prov
2025-10-22 09:24:38,877 DEBUG core.XpoUtility - Adding XPO type information for qualifications
2025-10-22 09:24:38,877 DEBUG core.XpoUtility - Adding XPO type information for quick_extensions
2025-10-22 09:24:38,877 DEBUG core.XpoUtility - Adding XPO type information for quote_canned_description
2025-10-22 09:24:38,877 DEBUG core.XpoUtility - Adding XPO type information for quote_chance
2025-10-22 09:24:38,877 DEBUG core.XpoUtility - Adding XPO type information for quote_competitor
2025-10-22 09:24:38,877 DEBUG core.XpoUtility - Adding XPO type information for quote_cust_notes
2025-10-22 09:24:38,877 DEBUG core.XpoUtility - Adding XPO type information for quote_extratext
2025-10-22 09:24:38,877 DEBUG core.XpoUtility - Adding XPO type information for quote_field_title
2025-10-22 09:24:38,877 DEBUG core.XpoUtility - Adding XPO type information for quote_filter
2025-10-22 09:24:38,878 DEBUG core.XpoUtility - Adding XPO type information for quote_filter_questions
2025-10-22 09:24:38,878 DEBUG core.XpoUtility - Adding XPO type information for quote_follow_up
2025-10-22 09:24:38,878 DEBUG core.XpoUtility - Adding XPO type information for quote_history
2025-10-22 09:24:38,878 DEBUG core.XpoUtility - Adding XPO type information for quote_kill_reason
2025-10-22 09:24:38,878 DEBUG core.XpoUtility - Adding XPO type information for quote_kill_reason_map
2025-10-22 09:24:38,878 DEBUG core.XpoUtility - Adding XPO type information for quote_kill_tier
2025-10-22 09:24:38,878 DEBUG core.XpoUtility - Adding XPO type information for quote_master
2025-10-22 09:24:38,879 DEBUG core.XpoUtility - Adding XPO type information for quote_post_mortem
2025-10-22 09:24:38,879 DEBUG core.XpoUtility - Adding XPO type information for quote_post_mortem_questions
2025-10-22 09:24:38,879 DEBUG core.XpoUtility - Adding XPO type information for quote_pricetype
2025-10-22 09:24:38,879 DEBUG core.XpoUtility - Adding XPO type information for quote_process_questions
2025-10-22 09:24:38,879 DEBUG core.XpoUtility - Adding XPO type information for quote_process_question_history
2025-10-22 09:24:38,879 DEBUG core.XpoUtility - Adding XPO type information for quote_received_reason
2025-10-22 09:24:38,879 DEBUG core.XpoUtility - Adding XPO type information for quote_received_reason_map
2025-10-22 09:24:38,879 DEBUG core.XpoUtility - Adding XPO type information for quote_schedule
2025-10-22 09:24:38,880 DEBUG core.XpoUtility - Adding XPO type information for quote_section
2025-10-22 09:24:38,880 DEBUG core.XpoUtility - Adding XPO type information for quote_status
2025-10-22 09:24:38,880 DEBUG core.XpoUtility - Adding XPO type information for quote_term
2025-10-22 09:24:38,881 DEBUG core.XpoUtility - Adding XPO type information for quote_worksheet
2025-10-22 09:24:38,881 DEBUG core.XpoUtility - Adding XPO type information for quote_worksheet_current_cost
2025-10-22 09:24:38,881 DEBUG core.XpoUtility - Adding XPO type information for rd
2025-10-22 09:24:38,881 DEBUG core.XpoUtility - Adding XPO type information for releases
2025-10-22 09:24:38,881 DEBUG core.XpoUtility - Adding XPO type information for rental_equipment
2025-10-22 09:24:38,881 DEBUG core.XpoUtility - Adding XPO type information for rental_equipment_category
2025-10-22 09:24:38,881 DEBUG core.XpoUtility - Adding XPO type information for report
2025-10-22 09:24:38,881 DEBUG core.XpoUtility - Adding XPO type information for reports_to_helper
2025-10-22 09:24:38,881 DEBUG core.XpoUtility - Adding XPO type information for revenue_line
2025-10-22 09:24:38,881 DEBUG core.XpoUtility - Adding XPO type information for revenue_line_business_unit
2025-10-22 09:24:38,882 DEBUG core.XpoUtility - Adding XPO type information for rfq_header
2025-10-22 09:24:38,882 DEBUG core.XpoUtility - Adding XPO type information for rfq_lineitem
2025-10-22 09:24:38,882 DEBUG core.XpoUtility - Adding XPO type information for rfq_part_list
2025-10-22 09:24:38,882 DEBUG core.XpoUtility - Adding XPO type information for rfq_vendor_list
2025-10-22 09:24:38,882 DEBUG core.XpoUtility - Adding XPO type information for rss_feed
2025-10-22 09:24:38,882 DEBUG core.XpoUtility - Adding XPO type information for r_engine_category
2025-10-22 09:24:38,882 DEBUG core.XpoUtility - Adding XPO type information for r_engine_permission
2025-10-22 09:24:38,882 DEBUG core.XpoUtility - Adding XPO type information for r_engine_report
2025-10-22 09:24:38,882 DEBUG core.XpoUtility - Adding XPO type information for salesperson
2025-10-22 09:24:38,882 DEBUG core.XpoUtility - Adding XPO type information for section
2025-10-22 09:24:38,882 DEBUG core.XpoUtility - Adding XPO type information for session
2025-10-22 09:24:38,883 DEBUG core.XpoUtility - Adding XPO type information for session_collection
2025-10-22 09:24:38,883 DEBUG core.XpoUtility - Adding XPO type information for ship
2025-10-22 09:24:38,883 DEBUG core.XpoUtility - Adding XPO type information for shopping_cart
2025-10-22 09:24:38,883 DEBUG core.XpoUtility - Adding XPO type information for shopping_cart_header
2025-10-22 09:24:38,883 DEBUG core.XpoUtility - Adding XPO type information for signature
2025-10-22 09:24:38,883 DEBUG core.XpoUtility - Adding XPO type information for specific_notes
2025-10-22 09:24:38,883 DEBUG core.XpoUtility - Adding XPO type information for stbb_bymonth
2025-10-22 09:24:38,883 DEBUG core.XpoUtility - Adding XPO type information for stock_transfer
2025-10-22 09:24:38,883 DEBUG core.XpoUtility - Adding XPO type information for stock_transfer_type
2025-10-22 09:24:38,883 DEBUG core.XpoUtility - Adding XPO type information for suggestion
2025-10-22 09:24:38,884 DEBUG core.XpoUtility - Adding XPO type information for target
2025-10-22 09:24:38,884 DEBUG core.XpoUtility - Adding XPO type information for target_type
2025-10-22 09:24:38,884 DEBUG core.XpoUtility - Adding XPO type information for task
2025-10-22 09:24:38,884 DEBUG core.XpoUtility - Adding XPO type information for task_history
2025-10-22 09:24:38,884 DEBUG core.XpoUtility - Adding XPO type information for task_member
2025-10-22 09:24:38,884 DEBUG core.XpoUtility - Adding XPO type information for task_status
2025-10-22 09:24:38,884 DEBUG core.XpoUtility - Adding XPO type information for tax
2025-10-22 09:24:38,884 DEBUG core.XpoUtility - Adding XPO type information for tax_entity
2025-10-22 09:24:38,885 DEBUG core.XpoUtility - Adding XPO type information for tax_entity_group
2025-10-22 09:24:38,885 DEBUG core.XpoUtility - Adding XPO type information for tax_entity_group_link
2025-10-22 09:24:38,886 DEBUG core.XpoUtility - Adding XPO type information for tax_entity_hiearchy
2025-10-22 09:24:38,886 DEBUG core.XpoUtility - Adding XPO type information for tax_entity_hierarchy
2025-10-22 09:24:38,886 DEBUG core.XpoUtility - Adding XPO type information for term
2025-10-22 09:24:38,886 DEBUG core.XpoUtility - Adding XPO type information for territory_mapping
2025-10-22 09:24:38,887 DEBUG core.XpoUtility - Adding XPO type information for ticketheader
2025-10-22 09:24:38,887 DEBUG core.XpoUtility - Adding XPO type information for ticketissues
2025-10-22 09:24:38,887 DEBUG core.XpoUtility - Adding XPO type information for ticketmanager
2025-10-22 09:24:38,887 DEBUG core.XpoUtility - Adding XPO type information for ticketpage
2025-10-22 09:24:38,887 DEBUG core.XpoUtility - Adding XPO type information for ticketpriority
2025-10-22 09:24:38,887 DEBUG core.XpoUtility - Adding XPO type information for ticketstatus
2025-10-22 09:24:38,887 DEBUG core.XpoUtility - Adding XPO type information for tickettype
2025-10-22 09:24:38,888 DEBUG core.XpoUtility - Adding XPO type information for ticket_files
2025-10-22 09:24:38,888 DEBUG core.XpoUtility - Adding XPO type information for ticket_group
2025-10-22 09:24:38,888 DEBUG core.XpoUtility - Adding XPO type information for ticket_group_type_link
2025-10-22 09:24:38,888 DEBUG core.XpoUtility - Adding XPO type information for ticket_memberview
2025-10-22 09:24:38,888 DEBUG core.XpoUtility - Adding XPO type information for ticket_tasks
2025-10-22 09:24:38,888 DEBUG core.XpoUtility - Adding XPO type information for ticket_team
2025-10-22 09:24:38,888 DEBUG core.XpoUtility - Adding XPO type information for ticket_team_memberid
2025-10-22 09:24:38,888 DEBUG core.XpoUtility - Adding XPO type information for ticket_vote
2025-10-22 09:24:38,888 DEBUG core.XpoUtility - Adding XPO type information for titles
2025-10-22 09:24:38,889 DEBUG core.XpoUtility - Adding XPO type information for tmp_woprog
2025-10-22 09:24:38,889 DEBUG core.XpoUtility - Adding XPO type information for training_curriculum
2025-10-22 09:24:38,890 DEBUG core.XpoUtility - Adding XPO type information for training_header
2025-10-22 09:24:38,890 DEBUG core.XpoUtility - Adding XPO type information for training_header_history
2025-10-22 09:24:38,890 DEBUG core.XpoUtility - Adding XPO type information for training_history
2025-10-22 09:24:38,890 DEBUG core.XpoUtility - Adding XPO type information for training_module
2025-10-22 09:24:38,890 DEBUG core.XpoUtility - Adding XPO type information for training_schedule
2025-10-22 09:24:38,890 DEBUG core.XpoUtility - Adding XPO type information for training_type
2025-10-22 09:24:38,890 DEBUG core.XpoUtility - Adding XPO type information for truck_history
2025-10-22 09:24:38,890 DEBUG core.XpoUtility - Adding XPO type information for user_switch
2025-10-22 09:24:38,891 DEBUG core.XpoUtility - Adding XPO type information for vacation_log
2025-10-22 09:24:38,891 DEBUG core.XpoUtility - Adding XPO type information for vacation_master
2025-10-22 09:24:38,891 DEBUG core.XpoUtility - Adding XPO type information for vacation_note
2025-10-22 09:24:38,891 DEBUG core.XpoUtility - Adding XPO type information for vacation_payment_method
2025-10-22 09:24:38,891 DEBUG core.XpoUtility - Adding XPO type information for vacation_status
2025-10-22 09:24:38,891 DEBUG core.XpoUtility - Adding XPO type information for vacation_transactions
2025-10-22 09:24:38,891 DEBUG core.XpoUtility - Adding XPO type information for vacation_type
2025-10-22 09:24:38,891 DEBUG core.XpoUtility - Adding XPO type information for vendor
2025-10-22 09:24:38,891 DEBUG core.XpoUtility - Adding XPO type information for vendor_business_unit
2025-10-22 09:24:38,891 DEBUG core.XpoUtility - Adding XPO type information for vendor_documents
2025-10-22 09:24:38,892 DEBUG core.XpoUtility - Adding XPO type information for vendor_merge_history
2025-10-22 09:24:38,892 DEBUG core.XpoUtility - Adding XPO type information for vendor_netsuite_map
2025-10-22 09:24:38,892 DEBUG core.XpoUtility - Adding XPO type information for video
2025-10-22 09:24:38,892 DEBUG core.XpoUtility - Adding XPO type information for video_category
2025-10-22 09:24:38,892 DEBUG core.XpoUtility - Adding XPO type information for video_page_lnk
2025-10-22 09:24:38,892 DEBUG core.XpoUtility - Adding XPO type information for video_privilege
2025-10-22 09:24:38,892 DEBUG core.XpoUtility - Adding XPO type information for video_watch_history
2025-10-22 09:24:38,892 DEBUG core.XpoUtility - Adding XPO type information for visible_business_units
2025-10-22 09:24:38,892 DEBUG core.XpoUtility - Adding XPO type information for watch
2025-10-22 09:24:38,892 DEBUG core.XpoUtility - Adding XPO type information for watch_wo_costs_sells_log
2025-10-22 09:24:38,892 DEBUG core.XpoUtility - Adding XPO type information for who_to_ask
2025-10-22 09:24:38,892 DEBUG core.XpoUtility - Adding XPO type information for wocomment
2025-10-22 09:24:38,892 DEBUG core.XpoUtility - Adding XPO type information for wodetailh_temp
2025-10-22 09:24:38,892 DEBUG core.XpoUtility - Adding XPO type information for woprog
2025-10-22 09:24:38,893 DEBUG core.XpoUtility - Adding XPO type information for woprogchanges
2025-10-22 09:24:38,894 DEBUG core.XpoUtility - Adding XPO type information for woprogchanges_snapshot
2025-10-22 09:24:38,894 DEBUG core.XpoUtility - Adding XPO type information for woprogcomment
2025-10-22 09:24:38,894 DEBUG core.XpoUtility - Adding XPO type information for woprogstatus
2025-10-22 09:24:38,894 DEBUG core.XpoUtility - Adding XPO type information for woprog_asset
2025-10-22 09:24:38,894 DEBUG core.XpoUtility - Adding XPO type information for woprog_invoice_text
2025-10-22 09:24:38,894 DEBUG core.XpoUtility - Adding XPO type information for woprog_jobtag
2025-10-22 09:24:38,894 DEBUG core.XpoUtility - Adding XPO type information for woprog_project_notes
2025-10-22 09:24:38,894 DEBUG core.XpoUtility - Adding XPO type information for woprog_scheduler
2025-10-22 09:24:38,894 DEBUG core.XpoUtility - Adding XPO type information for woprog_status
2025-10-22 09:24:38,894 DEBUG core.XpoUtility - Adding XPO type information for woprog_tasks
2025-10-22 09:24:38,894 DEBUG core.XpoUtility - Adding XPO type information for wo_associated
2025-10-22 09:24:38,894 DEBUG core.XpoUtility - Adding XPO type information for wo_checklist
2025-10-22 09:24:38,895 DEBUG core.XpoUtility - Adding XPO type information for wo_checklist_history
2025-10-22 09:24:38,895 DEBUG core.XpoUtility - Adding XPO type information for wo_detail_current
2025-10-22 09:24:38,895 DEBUG core.XpoUtility - Adding XPO type information for wo_detail_current_audit
2025-10-22 09:24:38,895 DEBUG core.XpoUtility - Adding XPO type information for wo_detail_history
2025-10-22 09:24:38,896 DEBUG core.XpoUtility - Adding XPO type information for wo_detail_lineitem_billtype
2025-10-22 09:24:38,896 DEBUG core.XpoUtility - Adding XPO type information for wo_freeze
2025-10-22 09:24:38,896 DEBUG core.XpoUtility - Adding XPO type information for wo_import_stage
2025-10-22 09:24:38,896 DEBUG core.XpoUtility - Adding XPO type information for wo_lag
2025-10-22 09:24:38,896 DEBUG core.XpoUtility - Adding XPO type information for wo_line_import_stage
2025-10-22 09:24:38,896 DEBUG core.XpoUtility - Adding XPO type information for wo_survey
2025-10-22 09:25:46,540 INFO Nesi.Web.Global - Application started in mode Default
2025-10-22 09:25:46,546 INFO Nesi.Web.Global - DEBUG symbol NOT defined for this environment
2025-10-22 09:25:46,547 INFO core.XpoUtility - Processing XPA assemblies
2025-10-22 09:25:46,590 DEBUG core.XpoUtility - Adding XPO type information for accounting_period
2025-10-22 09:25:46,610 DEBUG core.XpoUtility - Adding XPO type information for active_memberoffer
2025-10-22 09:25:46,610 DEBUG core.XpoUtility - Adding XPO type information for address
2025-10-22 09:25:46,612 DEBUG core.XpoUtility - Adding XPO type information for address_netsuite_map
2025-10-22 09:25:46,612 DEBUG core.XpoUtility - Adding XPO type information for adp_canada_codes
2025-10-22 09:25:46,612 DEBUG core.XpoUtility - Adding XPO type information for allowed_bu_on_wo
2025-10-22 09:25:46,612 DEBUG core.XpoUtility - Adding XPO type information for applicants
2025-10-22 09:25:46,612 DEBUG core.XpoUtility - Adding XPO type information for appointments
2025-10-22 09:25:46,613 DEBUG core.XpoUtility - Adding XPO type information for appointment_resource_member_hide_link
2025-10-22 09:25:46,613 DEBUG core.XpoUtility - Adding XPO type information for appointment_resource_member_link
2025-10-22 09:25:46,613 DEBUG core.XpoUtility - Adding XPO type information for appointment_status
2025-10-22 09:25:46,613 DEBUG core.XpoUtility - Adding XPO type information for apstatus
2025-10-22 09:25:46,613 DEBUG core.XpoUtility - Adding XPO type information for area_codes
2025-10-22 09:25:46,613 DEBUG core.XpoUtility - Adding XPO type information for ar_notes
2025-10-22 09:25:46,613 DEBUG core.XpoUtility - Adding XPO type information for assets
2025-10-22 09:25:46,614 DEBUG core.XpoUtility - Adding XPO type information for assets_history
2025-10-22 09:25:46,614 DEBUG core.XpoUtility - Adding XPO type information for assets_type
2025-10-22 09:25:46,614 DEBUG core.XpoUtility - Adding XPO type information for asset_customer_rate
2025-10-22 09:25:46,614 DEBUG core.XpoUtility - Adding XPO type information for asset_history_action
2025-10-22 09:25:46,614 DEBUG core.XpoUtility - Adding XPO type information for asset_status
2025-10-22 09:25:46,614 DEBUG core.XpoUtility - Adding XPO type information for auditgroup
2025-10-22 09:25:46,614 DEBUG core.XpoUtility - Adding XPO type information for audithistory_details
2025-10-22 09:25:46,614 DEBUG core.XpoUtility - Adding XPO type information for audithistory_header
2025-10-22 09:25:46,614 DEBUG core.XpoUtility - Adding XPO type information for audititem
2025-10-22 09:25:46,614 DEBUG core.XpoUtility - Adding XPO type information for audititem_group
2025-10-22 09:25:46,614 DEBUG core.XpoUtility - Adding XPO type information for audititem_ratingdesc
2025-10-22 09:25:46,614 DEBUG core.XpoUtility - Adding XPO type information for audititem_type
2025-10-22 09:25:46,614 DEBUG core.XpoUtility - Adding XPO type information for audit_group
2025-10-22 09:25:46,614 DEBUG core.XpoUtility - Adding XPO type information for audit_item
2025-10-22 09:25:46,615 DEBUG core.XpoUtility - Adding XPO type information for audit_type
2025-10-22 09:25:46,615 DEBUG core.XpoUtility - Adding XPO type information for audit_typegroup_link
2025-10-22 09:25:46,615 DEBUG core.XpoUtility - Adding XPO type information for auto_reports
2025-10-22 09:25:46,615 DEBUG core.XpoUtility - Adding XPO type information for auto_reports_schedule
2025-10-22 09:25:46,615 DEBUG core.XpoUtility - Adding XPO type information for auto_report_history
2025-10-22 09:25:46,615 DEBUG core.XpoUtility - Adding XPO type information for bankedpay_ledger
2025-10-22 09:25:46,615 DEBUG core.XpoUtility - Adding XPO type information for bankedpay_ledger_type
2025-10-22 09:25:46,615 DEBUG core.XpoUtility - Adding XPO type information for barcode_prefix
2025-10-22 09:25:46,615 DEBUG core.XpoUtility - Adding XPO type information for benefit_details
2025-10-22 09:25:46,615 DEBUG core.XpoUtility - Adding XPO type information for bingo_data
2025-10-22 09:25:46,615 DEBUG core.XpoUtility - Adding XPO type information for bingo_queries
2025-10-22 09:25:46,615 DEBUG core.XpoUtility - Adding XPO type information for bonus_membertype_link
2025-10-22 09:25:46,615 DEBUG core.XpoUtility - Adding XPO type information for bonus_type
2025-10-22 09:25:46,616 DEBUG core.XpoUtility - Adding XPO type information for breaktime
2025-10-22 09:25:46,616 DEBUG core.XpoUtility - Adding XPO type information for business
2025-10-22 09:25:46,616 DEBUG core.XpoUtility - Adding XPO type information for business_unit
2025-10-22 09:25:46,618 DEBUG core.XpoUtility - Adding XPO type information for business_unit_comp_div
2025-10-22 09:25:46,618 DEBUG core.XpoUtility - Adding XPO type information for business_unit_hiearchy
2025-10-22 09:25:46,618 DEBUG core.XpoUtility - Adding XPO type information for business_unit_po_dist
2025-10-22 09:25:46,618 DEBUG core.XpoUtility - Adding XPO type information for bu_paytype_link
2025-10-22 09:25:46,618 DEBUG core.XpoUtility - Adding XPO type information for cap_training_schedule
2025-10-22 09:25:46,618 DEBUG core.XpoUtility - Adding XPO type information for cellphone
2025-10-22 09:25:46,618 DEBUG core.XpoUtility - Adding XPO type information for cellphone_app_device
2025-10-22 09:25:46,618 DEBUG core.XpoUtility - Adding XPO type information for cellphone_app_imei
2025-10-22 09:25:46,618 DEBUG core.XpoUtility - Adding XPO type information for cellphone_app_sim
2025-10-22 09:25:46,618 DEBUG core.XpoUtility - Adding XPO type information for cellphone_carrier
2025-10-22 09:25:46,618 DEBUG core.XpoUtility - Adding XPO type information for cellphone_gps
2025-10-22 09:25:46,618 DEBUG core.XpoUtility - Adding XPO type information for cellphone_history
2025-10-22 09:25:46,618 DEBUG core.XpoUtility - Adding XPO type information for cellphone_number
2025-10-22 09:25:46,619 DEBUG core.XpoUtility - Adding XPO type information for cellphone_number_history
2025-10-22 09:25:46,619 DEBUG core.XpoUtility - Adding XPO type information for cellphone_status
2025-10-22 09:25:46,619 DEBUG core.XpoUtility - Adding XPO type information for certificates
2025-10-22 09:25:46,619 DEBUG core.XpoUtility - Adding XPO type information for certificates_credential_link
2025-10-22 09:25:46,619 DEBUG core.XpoUtility - Adding XPO type information for certificate_history
2025-10-22 09:25:46,619 DEBUG core.XpoUtility - Adding XPO type information for certificate_skill_link
2025-10-22 09:25:46,619 DEBUG core.XpoUtility - Adding XPO type information for certificate_training_link
2025-10-22 09:25:46,619 DEBUG core.XpoUtility - Adding XPO type information for chargeout
2025-10-22 09:25:46,619 DEBUG core.XpoUtility - Adding XPO type information for collection_history
2025-10-22 09:25:46,619 DEBUG core.XpoUtility - Adding XPO type information for contact
2025-10-22 09:25:46,619 DEBUG core.XpoUtility - Adding XPO type information for contactpage
2025-10-22 09:25:46,619 DEBUG core.XpoUtility - Adding XPO type information for contactpageprivilege
2025-10-22 09:25:46,619 DEBUG core.XpoUtility - Adding XPO type information for contact_history
2025-10-22 09:25:46,620 DEBUG core.XpoUtility - Adding XPO type information for contact_netsuite_map
2025-10-22 09:25:46,620 DEBUG core.XpoUtility - Adding XPO type information for conversion_map
2025-10-22 09:25:46,620 DEBUG core.XpoUtility - Adding XPO type information for conversion_unit
2025-10-22 09:25:46,620 DEBUG core.XpoUtility - Adding XPO type information for core_responsibilities
2025-10-22 09:25:46,620 DEBUG core.XpoUtility - Adding XPO type information for core_responsibilities_privilege
2025-10-22 09:25:46,620 DEBUG core.XpoUtility - Adding XPO type information for country
2025-10-22 09:25:46,620 DEBUG core.XpoUtility - Adding XPO type information for credit_cards
2025-10-22 09:25:46,620 DEBUG core.XpoUtility - Adding XPO type information for credit_card_purchase
2025-10-22 09:25:46,621 DEBUG core.XpoUtility - Adding XPO type information for credit_card_purchase_netsuite_xref
2025-10-22 09:25:46,621 DEBUG core.XpoUtility - Adding XPO type information for cr_certificates
2025-10-22 09:25:46,621 DEBUG core.XpoUtility - Adding XPO type information for cr_group
2025-10-22 09:25:46,621 DEBUG core.XpoUtility - Adding XPO type information for cr_qualifications
2025-10-22 09:25:46,621 DEBUG core.XpoUtility - Adding XPO type information for cr_review
2025-10-22 09:25:46,621 DEBUG core.XpoUtility - Adding XPO type information for cr_skills_link
2025-10-22 09:25:46,621 DEBUG core.XpoUtility - Adding XPO type information for cr_skills_priority
2025-10-22 09:25:46,621 DEBUG core.XpoUtility - Adding XPO type information for currency
2025-10-22 09:25:46,621 DEBUG core.XpoUtility - Adding XPO type information for currency_history
2025-10-22 09:25:46,621 DEBUG core.XpoUtility - Adding XPO type information for customer
2025-10-22 09:25:46,622 DEBUG core.XpoUtility - Adding XPO type information for customer_asset
2025-10-22 09:25:46,622 DEBUG core.XpoUtility - Adding XPO type information for customer_asset_history
2025-10-22 09:25:46,622 DEBUG core.XpoUtility - Adding XPO type information for customer_business_unit
2025-10-22 09:25:46,622 DEBUG core.XpoUtility - Adding XPO type information for customer_collection_status
2025-10-22 09:25:46,622 DEBUG core.XpoUtility - Adding XPO type information for customer_company
2025-10-22 09:25:46,622 DEBUG core.XpoUtility - Adding XPO type information for customer_default_invoice_types
2025-10-22 09:25:46,622 DEBUG core.XpoUtility - Adding XPO type information for customer_history
2025-10-22 09:25:46,622 DEBUG core.XpoUtility - Adding XPO type information for customer_internal_link
2025-10-22 09:25:46,622 DEBUG core.XpoUtility - Adding XPO type information for customer_netsuite_map
2025-10-22 09:25:46,622 DEBUG core.XpoUtility - Adding XPO type information for customer_origin
2025-10-22 09:25:46,622 DEBUG core.XpoUtility - Adding XPO type information for customer_or_contact_status
2025-10-22 09:25:46,622 DEBUG core.XpoUtility - Adding XPO type information for customer_rate
2025-10-22 09:25:46,622 DEBUG core.XpoUtility - Adding XPO type information for customer_sales_properties
2025-10-22 09:25:46,623 DEBUG core.XpoUtility - Adding XPO type information for customer_ticketheader
2025-10-22 09:25:46,623 DEBUG core.XpoUtility - Adding XPO type information for customer_ticketissues
2025-10-22 09:25:46,623 DEBUG core.XpoUtility - Adding XPO type information for customer_ticketmanager
2025-10-22 09:25:46,623 DEBUG core.XpoUtility - Adding XPO type information for customer_ticketpage
2025-10-22 09:25:46,623 DEBUG core.XpoUtility - Adding XPO type information for customer_ticketpriority
2025-10-22 09:25:46,623 DEBUG core.XpoUtility - Adding XPO type information for customer_ticketstatus
2025-10-22 09:25:46,623 DEBUG core.XpoUtility - Adding XPO type information for customer_tickettype
2025-10-22 09:25:46,623 DEBUG core.XpoUtility - Adding XPO type information for cust_vend_requests
2025-10-22 09:25:46,623 DEBUG core.XpoUtility - Adding XPO type information for daily_finance
2025-10-22 09:25:46,623 DEBUG core.XpoUtility - Adding XPO type information for dashboard
2025-10-22 09:25:46,623 DEBUG core.XpoUtility - Adding XPO type information for dashboardtmp
2025-10-22 09:25:46,624 DEBUG core.XpoUtility - Adding XPO type information for dashboard_header
2025-10-22 09:25:46,624 DEBUG core.XpoUtility - Adding XPO type information for dashboard_snapshot_daily
2025-10-22 09:25:46,624 DEBUG core.XpoUtility - Adding XPO type information for dashboard_snapshot_hist
2025-10-22 09:25:46,624 DEBUG core.XpoUtility - Adding XPO type information for dashboard_thresholds
2025-10-22 09:25:46,624 DEBUG core.XpoUtility - Adding XPO type information for days_off_canned_reasons
2025-10-22 09:25:46,624 DEBUG core.XpoUtility - Adding XPO type information for digitalsignage
2025-10-22 09:25:46,624 DEBUG core.XpoUtility - Adding XPO type information for distribution_group
2025-10-22 09:25:46,625 DEBUG core.XpoUtility - Adding XPO type information for distribution_group_link
2025-10-22 09:25:46,625 DEBUG core.XpoUtility - Adding XPO type information for download
2025-10-22 09:25:46,625 DEBUG core.XpoUtility - Adding XPO type information for downloadcat
2025-10-22 09:25:46,625 DEBUG core.XpoUtility - Adding XPO type information for edit_type
2025-10-22 09:25:46,625 DEBUG core.XpoUtility - Adding XPO type information for emaillog
2025-10-22 09:25:46,625 DEBUG core.XpoUtility - Adding XPO type information for emp_review
2025-10-22 09:25:46,625 DEBUG core.XpoUtility - Adding XPO type information for emp_review_group
2025-10-22 09:25:46,625 DEBUG core.XpoUtility - Adding XPO type information for emp_review_history
2025-10-22 09:25:46,625 DEBUG core.XpoUtility - Adding XPO type information for emp_review_items
2025-10-22 09:25:46,625 DEBUG core.XpoUtility - Adding XPO type information for emp_trm
2025-10-22 09:25:46,625 DEBUG core.XpoUtility - Adding XPO type information for emp_trm_chklist_lnk
2025-10-22 09:25:46,625 DEBUG core.XpoUtility - Adding XPO type information for emp_trm_chklist_opt
2025-10-22 09:25:46,625 DEBUG core.XpoUtility - Adding XPO type information for eritem
2025-10-22 09:25:46,625 DEBUG core.XpoUtility - Adding XPO type information for erjob
2025-10-22 09:25:46,626 DEBUG core.XpoUtility - Adding XPO type information for error
2025-10-22 09:25:46,626 DEBUG core.XpoUtility - Adding XPO type information for error_log
2025-10-22 09:25:46,626 DEBUG core.XpoUtility - Adding XPO type information for er_branch_data
2025-10-22 09:25:46,626 DEBUG core.XpoUtility - Adding XPO type information for er_vendor_data
2025-10-22 09:25:46,626 DEBUG core.XpoUtility - Adding XPO type information for event_table
2025-10-22 09:25:46,626 DEBUG core.XpoUtility - Adding XPO type information for expense_category
2025-10-22 09:25:46,626 DEBUG core.XpoUtility - Adding XPO type information for expense_category_business_unit
2025-10-22 09:25:46,626 DEBUG core.XpoUtility - Adding XPO type information for expense_reimbursement
2025-10-22 09:25:46,627 DEBUG core.XpoUtility - Adding XPO type information for expense_reimbursement_netsuite_xref
2025-10-22 09:25:46,627 DEBUG core.XpoUtility - Adding XPO type information for expense_seller
2025-10-22 09:25:46,627 DEBUG core.XpoUtility - Adding XPO type information for ext_website_credentials
2025-10-22 09:25:46,627 DEBUG core.XpoUtility - Adding XPO type information for failed_login
2025-10-22 09:25:46,627 DEBUG core.XpoUtility - Adding XPO type information for faq
2025-10-22 09:25:46,627 DEBUG core.XpoUtility - Adding XPO type information for faq_section
2025-10-22 09:25:46,627 DEBUG core.XpoUtility - Adding XPO type information for fytarget
2025-10-22 09:25:46,627 DEBUG core.XpoUtility - Adding XPO type information for fytarget_employees
2025-10-22 09:25:46,627 DEBUG core.XpoUtility - Adding XPO type information for gantt_data
2025-10-22 09:25:46,627 DEBUG core.XpoUtility - Adding XPO type information for gltrans
2025-10-22 09:25:46,628 DEBUG core.XpoUtility - Adding XPO type information for gl_chart_of_accounts
2025-10-22 09:25:46,628 DEBUG core.XpoUtility - Adding XPO type information for gl_chart_of_accounts_staging
2025-10-22 09:25:46,629 DEBUG core.XpoUtility - Adding XPO type information for gl_control_accounts
2025-10-22 09:25:46,629 DEBUG core.XpoUtility - Adding XPO type information for gl_group_te
2025-10-22 09:25:46,629 DEBUG core.XpoUtility - Adding XPO type information for gl_note_te
2025-10-22 09:25:46,629 DEBUG core.XpoUtility - Adding XPO type information for gl_special_accounts
2025-10-22 09:25:46,629 DEBUG core.XpoUtility - Adding XPO type information for gl_special_account_te_link
2025-10-22 09:25:46,629 DEBUG core.XpoUtility - Adding XPO type information for gl_subgroup_te
2025-10-22 09:25:46,629 DEBUG core.XpoUtility - Adding XPO type information for gl_te
2025-10-22 09:25:46,629 DEBUG core.XpoUtility - Adding XPO type information for gl_type_mapping
2025-10-22 09:25:46,629 DEBUG core.XpoUtility - Adding XPO type information for graph
2025-10-22 09:25:46,629 DEBUG core.XpoUtility - Adding XPO type information for gridviewlayouts
2025-10-22 09:25:46,629 DEBUG core.XpoUtility - Adding XPO type information for historycust
2025-10-22 09:25:46,630 DEBUG core.XpoUtility - Adding XPO type information for historypo
2025-10-22 09:25:46,630 DEBUG core.XpoUtility - Adding XPO type information for history_action_type
2025-10-22 09:25:46,630 DEBUG core.XpoUtility - Adding XPO type information for holidays
2025-10-22 09:25:46,630 DEBUG core.XpoUtility - Adding XPO type information for huddle
2025-10-22 09:25:46,630 DEBUG core.XpoUtility - Adding XPO type information for huddle_source
2025-10-22 09:25:46,630 DEBUG core.XpoUtility - Adding XPO type information for huddle_task
2025-10-22 09:25:46,630 DEBUG core.XpoUtility - Adding XPO type information for huddle_task_comments
2025-10-22 09:25:46,630 DEBUG core.XpoUtility - Adding XPO type information for huddle_user
2025-10-22 09:25:46,630 DEBUG core.XpoUtility - Adding XPO type information for hu_snapshot
2025-10-22 09:25:46,630 DEBUG core.XpoUtility - Adding XPO type information for inc_stmt_note
2025-10-22 09:25:46,630 DEBUG core.XpoUtility - Adding XPO type information for internal_companyno
2025-10-22 09:25:46,631 DEBUG core.XpoUtility - Adding XPO type information for internal_project
2025-10-22 09:25:46,631 DEBUG core.XpoUtility - Adding XPO type information for invattribute
2025-10-22 09:25:46,631 DEBUG core.XpoUtility - Adding XPO type information for inventory_alternate
2025-10-22 09:25:46,631 DEBUG core.XpoUtility - Adding XPO type information for inventory_annual_counts
2025-10-22 09:25:46,631 DEBUG core.XpoUtility - Adding XPO type information for inventory_annual_counts_history
2025-10-22 09:25:46,631 DEBUG core.XpoUtility - Adding XPO type information for inventory_annual_count_header
2025-10-22 09:25:46,631 DEBUG core.XpoUtility - Adding XPO type information for inventory_attribute
2025-10-22 09:25:46,631 DEBUG core.XpoUtility - Adding XPO type information for inventory_attribute_value
2025-10-22 09:25:46,631 DEBUG core.XpoUtility - Adding XPO type information for inventory_audit
2025-10-22 09:25:46,631 DEBUG core.XpoUtility - Adding XPO type information for inventory_barcode
2025-10-22 09:25:46,631 DEBUG core.XpoUtility - Adding XPO type information for inventory_branch
2025-10-22 09:25:46,631 DEBUG core.XpoUtility - Adding XPO type information for inventory_branch_options
2025-10-22 09:25:46,632 DEBUG core.XpoUtility - Adding XPO type information for inventory_consignment
2025-10-22 09:25:46,632 DEBUG core.XpoUtility - Adding XPO type information for inventory_cost
2025-10-22 09:25:46,632 DEBUG core.XpoUtility - Adding XPO type information for inventory_description
2025-10-22 09:25:46,632 DEBUG core.XpoUtility - Adding XPO type information for inventory_dollar_balance_daily
2025-10-22 09:25:46,632 DEBUG core.XpoUtility - Adding XPO type information for inventory_expiry_period
2025-10-22 09:25:46,632 DEBUG core.XpoUtility - Adding XPO type information for inventory_group_dtl
2025-10-22 09:25:46,632 DEBUG core.XpoUtility - Adding XPO type information for inventory_group_hdr
2025-10-22 09:25:46,632 DEBUG core.XpoUtility - Adding XPO type information for inventory_history
2025-10-22 09:25:46,632 DEBUG core.XpoUtility - Adding XPO type information for inventory_import_stage
2025-10-22 09:25:46,632 DEBUG core.XpoUtility - Adding XPO type information for inventory_incorrect_levels
2025-10-22 09:25:46,632 DEBUG core.XpoUtility - Adding XPO type information for inventory_item_detail
2025-10-22 09:25:46,632 DEBUG core.XpoUtility - Adding XPO type information for inventory_item_master
2025-10-22 09:25:46,632 DEBUG core.XpoUtility - Adding XPO type information for inventory_kit_dtl
2025-10-22 09:25:46,633 DEBUG core.XpoUtility - Adding XPO type information for inventory_kit_hdr
2025-10-22 09:25:46,633 DEBUG core.XpoUtility - Adding XPO type information for inventory_location
2025-10-22 09:25:46,633 DEBUG core.XpoUtility - Adding XPO type information for inventory_location_master
2025-10-22 09:25:46,633 DEBUG core.XpoUtility - Adding XPO type information for inventory_location_type
2025-10-22 09:25:46,633 DEBUG core.XpoUtility - Adding XPO type information for inventory_note
2025-10-22 09:25:46,633 DEBUG core.XpoUtility - Adding XPO type information for inventory_per_unit
2025-10-22 09:25:46,633 DEBUG core.XpoUtility - Adding XPO type information for inventory_picture
2025-10-22 09:25:46,633 DEBUG core.XpoUtility - Adding XPO type information for inventory_price
2025-10-22 09:25:46,633 DEBUG core.XpoUtility - Adding XPO type information for inventory_price_history
2025-10-22 09:25:46,633 DEBUG core.XpoUtility - Adding XPO type information for inventory_reference
2025-10-22 09:25:46,633 DEBUG core.XpoUtility - Adding XPO type information for inventory_referencetype
2025-10-22 09:25:46,633 DEBUG core.XpoUtility - Adding XPO type information for inventory_sellprice
2025-10-22 09:25:46,634 DEBUG core.XpoUtility - Adding XPO type information for inventory_sellprice_history
2025-10-22 09:25:46,634 DEBUG core.XpoUtility - Adding XPO type information for inventory_sold_as
2025-10-22 09:25:46,634 DEBUG core.XpoUtility - Adding XPO type information for inventory_tag
2025-10-22 09:25:46,634 DEBUG core.XpoUtility - Adding XPO type information for inventory_tag_link
2025-10-22 09:25:46,634 DEBUG core.XpoUtility - Adding XPO type information for inventory_tag_preset
2025-10-22 09:25:46,634 DEBUG core.XpoUtility - Adding XPO type information for inventory_tag_tradename
2025-10-22 09:25:46,634 DEBUG core.XpoUtility - Adding XPO type information for inventory_tax
2025-10-22 09:25:46,634 DEBUG core.XpoUtility - Adding XPO type information for inventory_usage
2025-10-22 09:25:46,634 DEBUG core.XpoUtility - Adding XPO type information for inventory_usage_copy
2025-10-22 09:25:46,634 DEBUG core.XpoUtility - Adding XPO type information for invoice_collection_status
2025-10-22 09:25:46,635 DEBUG core.XpoUtility - Adding XPO type information for invoice_service_email_report_history
2025-10-22 09:25:46,635 DEBUG core.XpoUtility - Adding XPO type information for journal_entry
2025-10-22 09:25:46,635 DEBUG core.XpoUtility - Adding XPO type information for journal_entry_line
2025-10-22 09:25:46,635 DEBUG core.XpoUtility - Adding XPO type information for leavetype
2025-10-22 09:25:46,635 DEBUG core.XpoUtility - Adding XPO type information for log
2025-10-22 09:25:46,635 DEBUG core.XpoUtility - Adding XPO type information for logging_agent_error_log
2025-10-22 09:25:46,635 DEBUG core.XpoUtility - Adding XPO type information for log_action
2025-10-22 09:25:46,635 DEBUG core.XpoUtility - Adding XPO type information for log_page
2025-10-22 09:25:46,635 DEBUG core.XpoUtility - Adding XPO type information for log_page_asax
2025-10-22 09:25:46,635 DEBUG core.XpoUtility - Adding XPO type information for log_section
2025-10-22 09:25:46,635 DEBUG core.XpoUtility - Adding XPO type information for manufacturer
2025-10-22 09:25:46,635 DEBUG core.XpoUtility - Adding XPO type information for manufacturervendor
2025-10-22 09:25:46,635 DEBUG core.XpoUtility - Adding XPO type information for markup_formula
2025-10-22 09:25:46,635 DEBUG core.XpoUtility - Adding XPO type information for master_skills
2025-10-22 09:25:46,636 DEBUG core.XpoUtility - Adding XPO type information for master_skill_review_questions
2025-10-22 09:25:46,636 DEBUG core.XpoUtility - Adding XPO type information for matt
2025-10-22 09:25:46,636 DEBUG core.XpoUtility - Adding XPO type information for member
2025-10-22 09:25:46,637 DEBUG core.XpoUtility - Adding XPO type information for memberaddressaudit
2025-10-22 09:25:46,638 DEBUG core.XpoUtility - Adding XPO type information for memberdaysoff
2025-10-22 09:25:46,638 DEBUG core.XpoUtility - Adding XPO type information for memberdaysoffack
2025-10-22 09:25:46,638 DEBUG core.XpoUtility - Adding XPO type information for memberdivision
2025-10-22 09:25:46,638 DEBUG core.XpoUtility - Adding XPO type information for membergraph
2025-10-22 09:25:46,638 DEBUG core.XpoUtility - Adding XPO type information for membernote
2025-10-22 09:25:46,638 DEBUG core.XpoUtility - Adding XPO type information for memberoffer_cr
2025-10-22 09:25:46,638 DEBUG core.XpoUtility - Adding XPO type information for memberoffer_milestones
2025-10-22 09:25:46,638 DEBUG core.XpoUtility - Adding XPO type information for memberpage
2025-10-22 09:25:46,638 DEBUG core.XpoUtility - Adding XPO type information for memberpageprivilege
2025-10-22 09:25:46,638 DEBUG core.XpoUtility - Adding XPO type information for membertime
2025-10-22 09:25:46,639 DEBUG core.XpoUtility - Adding XPO type information for membertimeaudit
2025-10-22 09:25:46,639 DEBUG core.XpoUtility - Adding XPO type information for membertime_netsuite_xref
2025-10-22 09:25:46,639 DEBUG core.XpoUtility - Adding XPO type information for membertime_projecttask
2025-10-22 09:25:46,639 DEBUG core.XpoUtility - Adding XPO type information for membertime_projecttask_netsuite_xref
2025-10-22 09:25:46,639 DEBUG core.XpoUtility - Adding XPO type information for membertime_shop_link
2025-10-22 09:25:46,639 DEBUG core.XpoUtility - Adding XPO type information for membertime_shop_type
2025-10-22 09:25:46,639 DEBUG core.XpoUtility - Adding XPO type information for membertime_tags
2025-10-22 09:25:46,639 DEBUG core.XpoUtility - Adding XPO type information for membertime_ts_lite_paytypes
2025-10-22 09:25:46,639 DEBUG core.XpoUtility - Adding XPO type information for membertime_type
2025-10-22 09:25:46,639 DEBUG core.XpoUtility - Adding XPO type information for membertime_type_gl_link
2025-10-22 09:25:46,639 DEBUG core.XpoUtility - Adding XPO type information for membertype
2025-10-22 09:25:46,640 DEBUG core.XpoUtility - Adding XPO type information for membertypehours
2025-10-22 09:25:46,640 DEBUG core.XpoUtility - Adding XPO type information for membertypepage
2025-10-22 09:25:46,640 DEBUG core.XpoUtility - Adding XPO type information for membertypepageprivilege
2025-10-22 09:25:46,640 DEBUG core.XpoUtility - Adding XPO type information for membertype_auto_reports
2025-10-22 09:25:46,640 DEBUG core.XpoUtility - Adding XPO type information for membertype_chargeout
2025-10-22 09:25:46,640 DEBUG core.XpoUtility - Adding XPO type information for membertype_chargeout_back
2025-10-22 09:25:46,640 DEBUG core.XpoUtility - Adding XPO type information for membertype_chargeout_history
2025-10-22 09:25:46,640 DEBUG core.XpoUtility - Adding XPO type information for membertype_classification
2025-10-22 09:25:46,640 DEBUG core.XpoUtility - Adding XPO type information for membertype_responsibilities
2025-10-22 09:25:46,640 DEBUG core.XpoUtility - Adding XPO type information for memberwage
2025-10-22 09:25:46,640 DEBUG core.XpoUtility - Adding XPO type information for memberx
2025-10-22 09:25:46,641 DEBUG core.XpoUtility - Adding XPO type information for member_apprentice_level
2025-10-22 09:25:46,641 DEBUG core.XpoUtility - Adding XPO type information for member_certificates
2025-10-22 09:25:46,641 DEBUG core.XpoUtility - Adding XPO type information for member_fvr_dtl
2025-10-22 09:25:46,641 DEBUG core.XpoUtility - Adding XPO type information for member_fvr_hdr
2025-10-22 09:25:46,641 DEBUG core.XpoUtility - Adding XPO type information for member_fvr_history
2025-10-22 09:25:46,641 DEBUG core.XpoUtility - Adding XPO type information for member_fvr_status
2025-10-22 09:25:46,641 DEBUG core.XpoUtility - Adding XPO type information for member_fvr_tab
2025-10-22 09:25:46,641 DEBUG core.XpoUtility - Adding XPO type information for member_fvr_template_detail
2025-10-22 09:25:46,641 DEBUG core.XpoUtility - Adding XPO type information for member_fvr_template_header
2025-10-22 09:25:46,642 DEBUG core.XpoUtility - Adding XPO type information for member_hrstatus
2025-10-22 09:25:46,642 DEBUG core.XpoUtility - Adding XPO type information for member_import_stage
2025-10-22 09:25:46,642 DEBUG core.XpoUtility - Adding XPO type information for member_i_template
2025-10-22 09:25:46,642 DEBUG core.XpoUtility - Adding XPO type information for member_netsuite_xref
2025-10-22 09:25:46,642 DEBUG core.XpoUtility - Adding XPO type information for member_offers
2025-10-22 09:25:46,642 DEBUG core.XpoUtility - Adding XPO type information for member_offers_prod
2025-10-22 09:25:46,642 DEBUG core.XpoUtility - Adding XPO type information for member_offers_uat
2025-10-22 09:25:46,643 DEBUG core.XpoUtility - Adding XPO type information for member_paytype
2025-10-22 09:25:46,643 DEBUG core.XpoUtility - Adding XPO type information for member_skills
2025-10-22 09:25:46,643 DEBUG core.XpoUtility - Adding XPO type information for member_task_cc
2025-10-22 09:25:46,643 DEBUG core.XpoUtility - Adding XPO type information for member_temp
2025-10-22 09:25:46,643 DEBUG core.XpoUtility - Adding XPO type information for member_tile
2025-10-22 09:25:46,643 DEBUG core.XpoUtility - Adding XPO type information for member_tile_type
2025-10-22 09:25:46,643 DEBUG core.XpoUtility - Adding XPO type information for member_tile_type_link
2025-10-22 09:25:46,643 DEBUG core.XpoUtility - Adding XPO type information for member_timesheet_accuracy
2025-10-22 09:25:46,643 DEBUG core.XpoUtility - Adding XPO type information for member_todo_list_helper
2025-10-22 09:25:46,643 DEBUG core.XpoUtility - Adding XPO type information for message
2025-10-22 09:25:46,643 DEBUG core.XpoUtility - Adding XPO type information for messageboard_chat
2025-10-22 09:25:46,643 DEBUG core.XpoUtility - Adding XPO type information for messageto
2025-10-22 09:25:46,643 DEBUG core.XpoUtility - Adding XPO type information for messagetype
2025-10-22 09:25:46,643 DEBUG core.XpoUtility - Adding XPO type information for migration_expense_category_for_po
2025-10-22 09:25:46,643 DEBUG core.XpoUtility - Adding XPO type information for n2_profile_category
2025-10-22 09:25:46,643 DEBUG core.XpoUtility - Adding XPO type information for n2_profile_property
2025-10-22 09:25:46,644 DEBUG core.XpoUtility - Adding XPO type information for n2_user_profile
2025-10-22 09:25:46,644 DEBUG core.XpoUtility - Adding XPO type information for nesi_conversion_table
2025-10-22 09:25:46,644 DEBUG core.XpoUtility - Adding XPO type information for netsuite_queue
2025-10-22 09:25:46,644 DEBUG core.XpoUtility - Adding XPO type information for netsuite_sync_error
2025-10-22 09:25:46,644 DEBUG core.XpoUtility - Adding XPO type information for new_milestone
2025-10-22 09:25:46,644 DEBUG core.XpoUtility - Adding XPO type information for ne_file_revision
2025-10-22 09:25:46,644 DEBUG core.XpoUtility - Adding XPO type information for ne_session
2025-10-22 09:25:46,644 DEBUG core.XpoUtility - Adding XPO type information for note_templates
2025-10-22 09:25:46,644 DEBUG core.XpoUtility - Adding XPO type information for oncall_schedule
2025-10-22 09:25:46,644 DEBUG core.XpoUtility - Adding XPO type information for ownership
2025-10-22 09:25:46,644 DEBUG core.XpoUtility - Adding XPO type information for page
2025-10-22 09:25:46,645 DEBUG core.XpoUtility - Adding XPO type information for pageprivilege
2025-10-22 09:25:46,645 DEBUG core.XpoUtility - Adding XPO type information for pageprivilege_template
2025-10-22 09:25:46,645 DEBUG core.XpoUtility - Adding XPO type information for pageprivilege_template_item
2025-10-22 09:25:46,645 DEBUG core.XpoUtility - Adding XPO type information for page_related
2025-10-22 09:25:46,645 DEBUG core.XpoUtility - Adding XPO type information for page_wiki
2025-10-22 09:25:46,645 DEBUG core.XpoUtility - Adding XPO type information for partner_skills
2025-10-22 09:25:46,645 DEBUG core.XpoUtility - Adding XPO type information for part_request
2025-10-22 09:25:46,645 DEBUG core.XpoUtility - Adding XPO type information for part_request_history
2025-10-22 09:25:46,645 DEBUG core.XpoUtility - Adding XPO type information for part_request_origin
2025-10-22 09:25:46,645 DEBUG core.XpoUtility - Adding XPO type information for part_request_statuslist
2025-10-22 09:25:46,645 DEBUG core.XpoUtility - Adding XPO type information for passport
2025-10-22 09:25:46,645 DEBUG core.XpoUtility - Adding XPO type information for payperiods
2025-10-22 09:25:46,645 DEBUG core.XpoUtility - Adding XPO type information for payperiod_tax_entity
2025-10-22 09:25:46,646 DEBUG core.XpoUtility - Adding XPO type information for payroll
2025-10-22 09:25:46,646 DEBUG core.XpoUtility - Adding XPO type information for payroll_entry_types
2025-10-22 09:25:46,646 DEBUG core.XpoUtility - Adding XPO type information for payroll_extra_payments
2025-10-22 09:25:46,646 DEBUG core.XpoUtility - Adding XPO type information for payroll_hours
2025-10-22 09:25:46,646 DEBUG core.XpoUtility - Adding XPO type information for payroll_progress
2025-10-22 09:25:46,646 DEBUG core.XpoUtility - Adding XPO type information for paytypehours
2025-10-22 09:25:46,646 DEBUG core.XpoUtility - Adding XPO type information for phone_log
2025-10-22 09:25:46,646 DEBUG core.XpoUtility - Adding XPO type information for phone_numbers
2025-10-22 09:25:46,647 DEBUG core.XpoUtility - Adding XPO type information for poprogcomment
2025-10-22 09:25:46,647 DEBUG core.XpoUtility - Adding XPO type information for poprogstatus
2025-10-22 09:25:46,647 DEBUG core.XpoUtility - Adding XPO type information for poprog_cc
2025-10-22 09:25:46,647 DEBUG core.XpoUtility - Adding XPO type information for poprog_header
2025-10-22 09:25:46,647 DEBUG core.XpoUtility - Adding XPO type information for poprog_notes
2025-10-22 09:25:46,647 DEBUG core.XpoUtility - Adding XPO type information for poprog_part_history
2025-10-22 09:25:46,647 DEBUG core.XpoUtility - Adding XPO type information for poprog_payment_method
2025-10-22 09:25:46,647 DEBUG core.XpoUtility - Adding XPO type information for poprog_scans
2025-10-22 09:25:46,648 DEBUG core.XpoUtility - Adding XPO type information for poprog_shipping
2025-10-22 09:25:46,648 DEBUG core.XpoUtility - Adding XPO type information for poprog_status
2025-10-22 09:25:46,648 DEBUG core.XpoUtility - Adding XPO type information for po_details_current
2025-10-22 09:25:46,648 DEBUG core.XpoUtility - Adding XPO type information for po_gl_acct
2025-10-22 09:25:46,648 DEBUG core.XpoUtility - Adding XPO type information for po_import_stage
2025-10-22 09:25:46,648 DEBUG core.XpoUtility - Adding XPO type information for po_line_import_stage
2025-10-22 09:25:46,648 DEBUG core.XpoUtility - Adding XPO type information for privilege
2025-10-22 09:25:46,648 DEBUG core.XpoUtility - Adding XPO type information for privilege_detail
2025-10-22 09:25:46,648 DEBUG core.XpoUtility - Adding XPO type information for privilege_global
2025-10-22 09:25:46,648 DEBUG core.XpoUtility - Adding XPO type information for privilege_global_link
2025-10-22 09:25:46,648 DEBUG core.XpoUtility - Adding XPO type information for privilege_global_link_type
2025-10-22 09:25:46,648 DEBUG core.XpoUtility - Adding XPO type information for progress_billings
2025-10-22 09:25:46,648 DEBUG core.XpoUtility - Adding XPO type information for properties
2025-10-22 09:25:46,649 DEBUG core.XpoUtility - Adding XPO type information for prov
2025-10-22 09:25:46,649 DEBUG core.XpoUtility - Adding XPO type information for qualifications
2025-10-22 09:25:46,649 DEBUG core.XpoUtility - Adding XPO type information for quick_extensions
2025-10-22 09:25:46,649 DEBUG core.XpoUtility - Adding XPO type information for quote_canned_description
2025-10-22 09:25:46,649 DEBUG core.XpoUtility - Adding XPO type information for quote_chance
2025-10-22 09:25:46,649 DEBUG core.XpoUtility - Adding XPO type information for quote_competitor
2025-10-22 09:25:46,649 DEBUG core.XpoUtility - Adding XPO type information for quote_cust_notes
2025-10-22 09:25:46,649 DEBUG core.XpoUtility - Adding XPO type information for quote_extratext
2025-10-22 09:25:46,649 DEBUG core.XpoUtility - Adding XPO type information for quote_field_title
2025-10-22 09:25:46,649 DEBUG core.XpoUtility - Adding XPO type information for quote_filter
2025-10-22 09:25:46,649 DEBUG core.XpoUtility - Adding XPO type information for quote_filter_questions
2025-10-22 09:25:46,649 DEBUG core.XpoUtility - Adding XPO type information for quote_follow_up
2025-10-22 09:25:46,649 DEBUG core.XpoUtility - Adding XPO type information for quote_history
2025-10-22 09:25:46,649 DEBUG core.XpoUtility - Adding XPO type information for quote_kill_reason
2025-10-22 09:25:46,649 DEBUG core.XpoUtility - Adding XPO type information for quote_kill_reason_map
2025-10-22 09:25:46,649 DEBUG core.XpoUtility - Adding XPO type information for quote_kill_tier
2025-10-22 09:25:46,649 DEBUG core.XpoUtility - Adding XPO type information for quote_master
2025-10-22 09:25:46,650 DEBUG core.XpoUtility - Adding XPO type information for quote_post_mortem
2025-10-22 09:25:46,650 DEBUG core.XpoUtility - Adding XPO type information for quote_post_mortem_questions
2025-10-22 09:25:46,650 DEBUG core.XpoUtility - Adding XPO type information for quote_pricetype
2025-10-22 09:25:46,650 DEBUG core.XpoUtility - Adding XPO type information for quote_process_questions
2025-10-22 09:25:46,650 DEBUG core.XpoUtility - Adding XPO type information for quote_process_question_history
2025-10-22 09:25:46,651 DEBUG core.XpoUtility - Adding XPO type information for quote_received_reason
2025-10-22 09:25:46,651 DEBUG core.XpoUtility - Adding XPO type information for quote_received_reason_map
2025-10-22 09:25:46,651 DEBUG core.XpoUtility - Adding XPO type information for quote_schedule
2025-10-22 09:25:46,651 DEBUG core.XpoUtility - Adding XPO type information for quote_section
2025-10-22 09:25:46,651 DEBUG core.XpoUtility - Adding XPO type information for quote_status
2025-10-22 09:25:46,651 DEBUG core.XpoUtility - Adding XPO type information for quote_term
2025-10-22 09:25:46,651 DEBUG core.XpoUtility - Adding XPO type information for quote_worksheet
2025-10-22 09:25:46,652 DEBUG core.XpoUtility - Adding XPO type information for quote_worksheet_current_cost
2025-10-22 09:25:46,652 DEBUG core.XpoUtility - Adding XPO type information for rd
2025-10-22 09:25:46,652 DEBUG core.XpoUtility - Adding XPO type information for releases
2025-10-22 09:25:46,652 DEBUG core.XpoUtility - Adding XPO type information for rental_equipment
2025-10-22 09:25:46,652 DEBUG core.XpoUtility - Adding XPO type information for rental_equipment_category
2025-10-22 09:25:46,652 DEBUG core.XpoUtility - Adding XPO type information for report
2025-10-22 09:25:46,652 DEBUG core.XpoUtility - Adding XPO type information for reports_to_helper
2025-10-22 09:25:46,652 DEBUG core.XpoUtility - Adding XPO type information for revenue_line
2025-10-22 09:25:46,652 DEBUG core.XpoUtility - Adding XPO type information for revenue_line_business_unit
2025-10-22 09:25:46,652 DEBUG core.XpoUtility - Adding XPO type information for rfq_header
2025-10-22 09:25:46,652 DEBUG core.XpoUtility - Adding XPO type information for rfq_lineitem
2025-10-22 09:25:46,652 DEBUG core.XpoUtility - Adding XPO type information for rfq_part_list
2025-10-22 09:25:46,652 DEBUG core.XpoUtility - Adding XPO type information for rfq_vendor_list
2025-10-22 09:25:46,652 DEBUG core.XpoUtility - Adding XPO type information for rss_feed
2025-10-22 09:25:46,653 DEBUG core.XpoUtility - Adding XPO type information for r_engine_category
2025-10-22 09:25:46,653 DEBUG core.XpoUtility - Adding XPO type information for r_engine_permission
2025-10-22 09:25:46,653 DEBUG core.XpoUtility - Adding XPO type information for r_engine_report
2025-10-22 09:25:46,653 DEBUG core.XpoUtility - Adding XPO type information for salesperson
2025-10-22 09:25:46,653 DEBUG core.XpoUtility - Adding XPO type information for section
2025-10-22 09:25:46,653 DEBUG core.XpoUtility - Adding XPO type information for session
2025-10-22 09:25:46,653 DEBUG core.XpoUtility - Adding XPO type information for session_collection
2025-10-22 09:25:46,653 DEBUG core.XpoUtility - Adding XPO type information for ship
2025-10-22 09:25:46,653 DEBUG core.XpoUtility - Adding XPO type information for shopping_cart
2025-10-22 09:25:46,653 DEBUG core.XpoUtility - Adding XPO type information for shopping_cart_header
2025-10-22 09:25:46,653 DEBUG core.XpoUtility - Adding XPO type information for signature
2025-10-22 09:25:46,653 DEBUG core.XpoUtility - Adding XPO type information for specific_notes
2025-10-22 09:25:46,653 DEBUG core.XpoUtility - Adding XPO type information for stbb_bymonth
2025-10-22 09:25:46,653 DEBUG core.XpoUtility - Adding XPO type information for stock_transfer
2025-10-22 09:25:46,654 DEBUG core.XpoUtility - Adding XPO type information for stock_transfer_type
2025-10-22 09:25:46,654 DEBUG core.XpoUtility - Adding XPO type information for suggestion
2025-10-22 09:25:46,654 DEBUG core.XpoUtility - Adding XPO type information for target
2025-10-22 09:25:46,654 DEBUG core.XpoUtility - Adding XPO type information for target_type
2025-10-22 09:25:46,654 DEBUG core.XpoUtility - Adding XPO type information for task
2025-10-22 09:25:46,654 DEBUG core.XpoUtility - Adding XPO type information for task_history
2025-10-22 09:25:46,654 DEBUG core.XpoUtility - Adding XPO type information for task_member
2025-10-22 09:25:46,654 DEBUG core.XpoUtility - Adding XPO type information for task_status
2025-10-22 09:25:46,654 DEBUG core.XpoUtility - Adding XPO type information for tax
2025-10-22 09:25:46,654 DEBUG core.XpoUtility - Adding XPO type information for tax_entity
2025-10-22 09:25:46,654 DEBUG core.XpoUtility - Adding XPO type information for tax_entity_group
2025-10-22 09:25:46,654 DEBUG core.XpoUtility - Adding XPO type information for tax_entity_group_link
2025-10-22 09:25:46,655 DEBUG core.XpoUtility - Adding XPO type information for tax_entity_hiearchy
2025-10-22 09:25:46,655 DEBUG core.XpoUtility - Adding XPO type information for tax_entity_hierarchy
2025-10-22 09:25:46,655 DEBUG core.XpoUtility - Adding XPO type information for term
2025-10-22 09:25:46,655 DEBUG core.XpoUtility - Adding XPO type information for territory_mapping
2025-10-22 09:25:46,655 DEBUG core.XpoUtility - Adding XPO type information for ticketheader
2025-10-22 09:25:46,655 DEBUG core.XpoUtility - Adding XPO type information for ticketissues
2025-10-22 09:25:46,655 DEBUG core.XpoUtility - Adding XPO type information for ticketmanager
2025-10-22 09:25:46,655 DEBUG core.XpoUtility - Adding XPO type information for ticketpage
2025-10-22 09:25:46,656 DEBUG core.XpoUtility - Adding XPO type information for ticketpriority
2025-10-22 09:25:46,656 DEBUG core.XpoUtility - Adding XPO type information for ticketstatus
2025-10-22 09:25:46,656 DEBUG core.XpoUtility - Adding XPO type information for tickettype
2025-10-22 09:25:46,656 DEBUG core.XpoUtility - Adding XPO type information for ticket_files
2025-10-22 09:25:46,656 DEBUG core.XpoUtility - Adding XPO type information for ticket_group
2025-10-22 09:25:46,656 DEBUG core.XpoUtility - Adding XPO type information for ticket_group_type_link
2025-10-22 09:25:46,656 DEBUG core.XpoUtility - Adding XPO type information for ticket_memberview
2025-10-22 09:25:46,656 DEBUG core.XpoUtility - Adding XPO type information for ticket_tasks
2025-10-22 09:25:46,656 DEBUG core.XpoUtility - Adding XPO type information for ticket_team
2025-10-22 09:25:46,656 DEBUG core.XpoUtility - Adding XPO type information for ticket_team_memberid
2025-10-22 09:25:46,656 DEBUG core.XpoUtility - Adding XPO type information for ticket_vote
2025-10-22 09:25:46,656 DEBUG core.XpoUtility - Adding XPO type information for titles
2025-10-22 09:25:46,656 DEBUG core.XpoUtility - Adding XPO type information for tmp_woprog
2025-10-22 09:25:46,656 DEBUG core.XpoUtility - Adding XPO type information for training_curriculum
2025-10-22 09:25:46,657 DEBUG core.XpoUtility - Adding XPO type information for training_header
2025-10-22 09:25:46,657 DEBUG core.XpoUtility - Adding XPO type information for training_header_history
2025-10-22 09:25:46,657 DEBUG core.XpoUtility - Adding XPO type information for training_history
2025-10-22 09:25:46,657 DEBUG core.XpoUtility - Adding XPO type information for training_module
2025-10-22 09:25:46,657 DEBUG core.XpoUtility - Adding XPO type information for training_schedule
2025-10-22 09:25:46,657 DEBUG core.XpoUtility - Adding XPO type information for training_type
2025-10-22 09:25:46,657 DEBUG core.XpoUtility - Adding XPO type information for truck_history
2025-10-22 09:25:46,657 DEBUG core.XpoUtility - Adding XPO type information for user_switch
2025-10-22 09:25:46,657 DEBUG core.XpoUtility - Adding XPO type information for vacation_log
2025-10-22 09:25:46,657 DEBUG core.XpoUtility - Adding XPO type information for vacation_master
2025-10-22 09:25:46,657 DEBUG core.XpoUtility - Adding XPO type information for vacation_note
2025-10-22 09:25:46,657 DEBUG core.XpoUtility - Adding XPO type information for vacation_payment_method
2025-10-22 09:25:46,657 DEBUG core.XpoUtility - Adding XPO type information for vacation_status
2025-10-22 09:25:46,658 DEBUG core.XpoUtility - Adding XPO type information for vacation_transactions
2025-10-22 09:25:46,658 DEBUG core.XpoUtility - Adding XPO type information for vacation_type
2025-10-22 09:25:46,658 DEBUG core.XpoUtility - Adding XPO type information for vendor
2025-10-22 09:25:46,658 DEBUG core.XpoUtility - Adding XPO type information for vendor_business_unit
2025-10-22 09:25:46,658 DEBUG core.XpoUtility - Adding XPO type information for vendor_documents
2025-10-22 09:25:46,658 DEBUG core.XpoUtility - Adding XPO type information for vendor_merge_history
2025-10-22 09:25:46,658 DEBUG core.XpoUtility - Adding XPO type information for vendor_netsuite_map
2025-10-22 09:25:46,658 DEBUG core.XpoUtility - Adding XPO type information for video
2025-10-22 09:25:46,658 DEBUG core.XpoUtility - Adding XPO type information for video_category
2025-10-22 09:25:46,658 DEBUG core.XpoUtility - Adding XPO type information for video_page_lnk
2025-10-22 09:25:46,658 DEBUG core.XpoUtility - Adding XPO type information for video_privilege
2025-10-22 09:25:46,658 DEBUG core.XpoUtility - Adding XPO type information for video_watch_history
2025-10-22 09:25:46,658 DEBUG core.XpoUtility - Adding XPO type information for visible_business_units
2025-10-22 09:25:46,658 DEBUG core.XpoUtility - Adding XPO type information for watch
2025-10-22 09:25:46,658 DEBUG core.XpoUtility - Adding XPO type information for watch_wo_costs_sells_log
2025-10-22 09:25:46,659 DEBUG core.XpoUtility - Adding XPO type information for who_to_ask
2025-10-22 09:25:46,659 DEBUG core.XpoUtility - Adding XPO type information for wocomment
2025-10-22 09:25:46,659 DEBUG core.XpoUtility - Adding XPO type information for wodetailh_temp
2025-10-22 09:25:46,659 DEBUG core.XpoUtility - Adding XPO type information for woprog
2025-10-22 09:25:46,660 DEBUG core.XpoUtility - Adding XPO type information for woprogchanges
2025-10-22 09:25:46,660 DEBUG core.XpoUtility - Adding XPO type information for woprogchanges_snapshot
2025-10-22 09:25:46,660 DEBUG core.XpoUtility - Adding XPO type information for woprogcomment
2025-10-22 09:25:46,660 DEBUG core.XpoUtility - Adding XPO type information for woprogstatus
2025-10-22 09:25:46,660 DEBUG core.XpoUtility - Adding XPO type information for woprog_asset
2025-10-22 09:25:46,660 DEBUG core.XpoUtility - Adding XPO type information for woprog_invoice_text
2025-10-22 09:25:46,660 DEBUG core.XpoUtility - Adding XPO type information for woprog_jobtag
2025-10-22 09:25:46,660 DEBUG core.XpoUtility - Adding XPO type information for woprog_project_notes
2025-10-22 09:25:46,660 DEBUG core.XpoUtility - Adding XPO type information for woprog_scheduler
2025-10-22 09:25:46,660 DEBUG core.XpoUtility - Adding XPO type information for woprog_status
2025-10-22 09:25:46,660 DEBUG core.XpoUtility - Adding XPO type information for woprog_tasks
2025-10-22 09:25:46,660 DEBUG core.XpoUtility - Adding XPO type information for wo_associated
2025-10-22 09:25:46,660 DEBUG core.XpoUtility - Adding XPO type information for wo_checklist
2025-10-22 09:25:46,661 DEBUG core.XpoUtility - Adding XPO type information for wo_checklist_history
2025-10-22 09:25:46,661 DEBUG core.XpoUtility - Adding XPO type information for wo_detail_current
2025-10-22 09:25:46,661 DEBUG core.XpoUtility - Adding XPO type information for wo_detail_current_audit
2025-10-22 09:25:46,661 DEBUG core.XpoUtility - Adding XPO type information for wo_detail_history
2025-10-22 09:25:46,661 DEBUG core.XpoUtility - Adding XPO type information for wo_detail_lineitem_billtype
2025-10-22 09:25:46,662 DEBUG core.XpoUtility - Adding XPO type information for wo_freeze
2025-10-22 09:25:46,662 DEBUG core.XpoUtility - Adding XPO type information for wo_import_stage
2025-10-22 09:25:46,662 DEBUG core.XpoUtility - Adding XPO type information for wo_lag
2025-10-22 09:25:46,662 DEBUG core.XpoUtility - Adding XPO type information for wo_line_import_stage
2025-10-22 09:25:46,662 DEBUG core.XpoUtility - Adding XPO type information for wo_survey
2025-10-22 09:37:18,902 INFO Nesi.Web.Global - Application started in mode Default
2025-10-22 09:37:18,908 INFO Nesi.Web.Global - DEBUG symbol NOT defined for this environment
2025-10-22 09:37:18,910 INFO core.XpoUtility - Processing XPA assemblies
2025-10-22 09:37:18,957 DEBUG core.XpoUtility - Adding XPO type information for accounting_period
2025-10-22 09:37:18,979 DEBUG core.XpoUtility - Adding XPO type information for active_memberoffer
2025-10-22 09:37:18,979 DEBUG core.XpoUtility - Adding XPO type information for address
2025-10-22 09:37:18,980 DEBUG core.XpoUtility - Adding XPO type information for address_netsuite_map
2025-10-22 09:37:18,981 DEBUG core.XpoUtility - Adding XPO type information for adp_canada_codes
2025-10-22 09:37:18,981 DEBUG core.XpoUtility - Adding XPO type information for allowed_bu_on_wo
2025-10-22 09:37:18,981 DEBUG core.XpoUtility - Adding XPO type information for applicants
2025-10-22 09:37:18,981 DEBUG core.XpoUtility - Adding XPO type information for appointments
2025-10-22 09:37:18,981 DEBUG core.XpoUtility - Adding XPO type information for appointment_resource_member_hide_link
2025-10-22 09:37:18,981 DEBUG core.XpoUtility - Adding XPO type information for appointment_resource_member_link
2025-10-22 09:37:18,981 DEBUG core.XpoUtility - Adding XPO type information for appointment_status
2025-10-22 09:37:18,981 DEBUG core.XpoUtility - Adding XPO type information for apstatus
2025-10-22 09:37:18,981 DEBUG core.XpoUtility - Adding XPO type information for area_codes
2025-10-22 09:37:18,981 DEBUG core.XpoUtility - Adding XPO type information for ar_notes
2025-10-22 09:37:18,982 DEBUG core.XpoUtility - Adding XPO type information for assets
2025-10-22 09:37:18,982 DEBUG core.XpoUtility - Adding XPO type information for assets_history
2025-10-22 09:37:18,982 DEBUG core.XpoUtility - Adding XPO type information for assets_type
2025-10-22 09:37:18,982 DEBUG core.XpoUtility - Adding XPO type information for asset_customer_rate
2025-10-22 09:37:18,982 DEBUG core.XpoUtility - Adding XPO type information for asset_history_action
2025-10-22 09:37:18,982 DEBUG core.XpoUtility - Adding XPO type information for asset_status
2025-10-22 09:37:18,982 DEBUG core.XpoUtility - Adding XPO type information for auditgroup
2025-10-22 09:37:18,982 DEBUG core.XpoUtility - Adding XPO type information for audithistory_details
2025-10-22 09:37:18,982 DEBUG core.XpoUtility - Adding XPO type information for audithistory_header
2025-10-22 09:37:18,983 DEBUG core.XpoUtility - Adding XPO type information for audititem
2025-10-22 09:37:18,983 DEBUG core.XpoUtility - Adding XPO type information for audititem_group
2025-10-22 09:37:18,983 DEBUG core.XpoUtility - Adding XPO type information for audititem_ratingdesc
2025-10-22 09:37:18,983 DEBUG core.XpoUtility - Adding XPO type information for audititem_type
2025-10-22 09:37:18,983 DEBUG core.XpoUtility - Adding XPO type information for audit_group
2025-10-22 09:37:18,983 DEBUG core.XpoUtility - Adding XPO type information for audit_item
2025-10-22 09:37:18,983 DEBUG core.XpoUtility - Adding XPO type information for audit_type
2025-10-22 09:37:18,983 DEBUG core.XpoUtility - Adding XPO type information for audit_typegroup_link
2025-10-22 09:37:18,983 DEBUG core.XpoUtility - Adding XPO type information for auto_reports
2025-10-22 09:37:18,983 DEBUG core.XpoUtility - Adding XPO type information for auto_reports_schedule
2025-10-22 09:37:18,983 DEBUG core.XpoUtility - Adding XPO type information for auto_report_history
2025-10-22 09:37:18,983 DEBUG core.XpoUtility - Adding XPO type information for bankedpay_ledger
2025-10-22 09:37:18,983 DEBUG core.XpoUtility - Adding XPO type information for bankedpay_ledger_type
2025-10-22 09:37:18,983 DEBUG core.XpoUtility - Adding XPO type information for barcode_prefix
2025-10-22 09:37:18,983 DEBUG core.XpoUtility - Adding XPO type information for benefit_details
2025-10-22 09:37:18,983 DEBUG core.XpoUtility - Adding XPO type information for bingo_data
2025-10-22 09:37:18,984 DEBUG core.XpoUtility - Adding XPO type information for bingo_queries
2025-10-22 09:37:18,984 DEBUG core.XpoUtility - Adding XPO type information for bonus_membertype_link
2025-10-22 09:37:18,984 DEBUG core.XpoUtility - Adding XPO type information for bonus_type
2025-10-22 09:37:18,984 DEBUG core.XpoUtility - Adding XPO type information for breaktime
2025-10-22 09:37:18,984 DEBUG core.XpoUtility - Adding XPO type information for business
2025-10-22 09:37:18,984 DEBUG core.XpoUtility - Adding XPO type information for business_unit
2025-10-22 09:37:18,985 DEBUG core.XpoUtility - Adding XPO type information for business_unit_comp_div
2025-10-22 09:37:18,985 DEBUG core.XpoUtility - Adding XPO type information for business_unit_hiearchy
2025-10-22 09:37:18,985 DEBUG core.XpoUtility - Adding XPO type information for business_unit_po_dist
2025-10-22 09:37:18,985 DEBUG core.XpoUtility - Adding XPO type information for bu_paytype_link
2025-10-22 09:37:18,985 DEBUG core.XpoUtility - Adding XPO type information for cap_training_schedule
2025-10-22 09:37:18,985 DEBUG core.XpoUtility - Adding XPO type information for cellphone
2025-10-22 09:37:18,986 DEBUG core.XpoUtility - Adding XPO type information for cellphone_app_device
2025-10-22 09:37:18,986 DEBUG core.XpoUtility - Adding XPO type information for cellphone_app_imei
2025-10-22 09:37:18,986 DEBUG core.XpoUtility - Adding XPO type information for cellphone_app_sim
2025-10-22 09:37:18,986 DEBUG core.XpoUtility - Adding XPO type information for cellphone_carrier
2025-10-22 09:37:18,986 DEBUG core.XpoUtility - Adding XPO type information for cellphone_gps
2025-10-22 09:37:18,986 DEBUG core.XpoUtility - Adding XPO type information for cellphone_history
2025-10-22 09:37:18,986 DEBUG core.XpoUtility - Adding XPO type information for cellphone_number
2025-10-22 09:37:18,986 DEBUG core.XpoUtility - Adding XPO type information for cellphone_number_history
2025-10-22 09:37:18,986 DEBUG core.XpoUtility - Adding XPO type information for cellphone_status
2025-10-22 09:37:18,987 DEBUG core.XpoUtility - Adding XPO type information for certificates
2025-10-22 09:37:18,987 DEBUG core.XpoUtility - Adding XPO type information for certificates_credential_link
2025-10-22 09:37:18,987 DEBUG core.XpoUtility - Adding XPO type information for certificate_history
2025-10-22 09:37:18,987 DEBUG core.XpoUtility - Adding XPO type information for certificate_skill_link
2025-10-22 09:37:18,987 DEBUG core.XpoUtility - Adding XPO type information for certificate_training_link
2025-10-22 09:37:18,987 DEBUG core.XpoUtility - Adding XPO type information for chargeout
2025-10-22 09:37:18,987 DEBUG core.XpoUtility - Adding XPO type information for collection_history
2025-10-22 09:37:18,987 DEBUG core.XpoUtility - Adding XPO type information for contact
2025-10-22 09:37:18,987 DEBUG core.XpoUtility - Adding XPO type information for contactpage
2025-10-22 09:37:18,987 DEBUG core.XpoUtility - Adding XPO type information for contactpageprivilege
2025-10-22 09:37:18,988 DEBUG core.XpoUtility - Adding XPO type information for contact_history
2025-10-22 09:37:18,988 DEBUG core.XpoUtility - Adding XPO type information for contact_netsuite_map
2025-10-22 09:37:18,990 DEBUG core.XpoUtility - Adding XPO type information for conversion_map
2025-10-22 09:37:18,990 DEBUG core.XpoUtility - Adding XPO type information for conversion_unit
2025-10-22 09:37:18,990 DEBUG core.XpoUtility - Adding XPO type information for core_responsibilities
2025-10-22 09:37:18,990 DEBUG core.XpoUtility - Adding XPO type information for core_responsibilities_privilege
2025-10-22 09:37:18,990 DEBUG core.XpoUtility - Adding XPO type information for country
2025-10-22 09:37:18,990 DEBUG core.XpoUtility - Adding XPO type information for credit_cards
2025-10-22 09:37:18,991 DEBUG core.XpoUtility - Adding XPO type information for credit_card_purchase
2025-10-22 09:37:18,991 DEBUG core.XpoUtility - Adding XPO type information for credit_card_purchase_netsuite_xref
2025-10-22 09:37:18,991 DEBUG core.XpoUtility - Adding XPO type information for cr_certificates
2025-10-22 09:37:18,991 DEBUG core.XpoUtility - Adding XPO type information for cr_group
2025-10-22 09:37:18,991 DEBUG core.XpoUtility - Adding XPO type information for cr_qualifications
2025-10-22 09:37:18,991 DEBUG core.XpoUtility - Adding XPO type information for cr_review
2025-10-22 09:37:18,991 DEBUG core.XpoUtility - Adding XPO type information for cr_skills_link
2025-10-22 09:37:18,991 DEBUG core.XpoUtility - Adding XPO type information for cr_skills_priority
2025-10-22 09:37:18,991 DEBUG core.XpoUtility - Adding XPO type information for currency
2025-10-22 09:37:18,991 DEBUG core.XpoUtility - Adding XPO type information for currency_history
2025-10-22 09:37:18,992 DEBUG core.XpoUtility - Adding XPO type information for customer
2025-10-22 09:37:18,993 DEBUG core.XpoUtility - Adding XPO type information for customer_asset
2025-10-22 09:37:18,993 DEBUG core.XpoUtility - Adding XPO type information for customer_asset_history
2025-10-22 09:37:18,994 DEBUG core.XpoUtility - Adding XPO type information for customer_business_unit
2025-10-22 09:37:18,994 DEBUG core.XpoUtility - Adding XPO type information for customer_collection_status
2025-10-22 09:37:18,994 DEBUG core.XpoUtility - Adding XPO type information for customer_company
2025-10-22 09:37:18,994 DEBUG core.XpoUtility - Adding XPO type information for customer_default_invoice_types
2025-10-22 09:37:18,994 DEBUG core.XpoUtility - Adding XPO type information for customer_history
2025-10-22 09:37:18,994 DEBUG core.XpoUtility - Adding XPO type information for customer_internal_link
2025-10-22 09:37:18,994 DEBUG core.XpoUtility - Adding XPO type information for customer_netsuite_map
2025-10-22 09:37:18,994 DEBUG core.XpoUtility - Adding XPO type information for customer_origin
2025-10-22 09:37:18,994 DEBUG core.XpoUtility - Adding XPO type information for customer_or_contact_status
2025-10-22 09:37:18,995 DEBUG core.XpoUtility - Adding XPO type information for customer_rate
2025-10-22 09:37:18,995 DEBUG core.XpoUtility - Adding XPO type information for customer_sales_properties
2025-10-22 09:37:18,995 DEBUG core.XpoUtility - Adding XPO type information for customer_ticketheader
2025-10-22 09:37:18,996 DEBUG core.XpoUtility - Adding XPO type information for customer_ticketissues
2025-10-22 09:37:18,996 DEBUG core.XpoUtility - Adding XPO type information for customer_ticketmanager
2025-10-22 09:37:18,996 DEBUG core.XpoUtility - Adding XPO type information for customer_ticketpage
2025-10-22 09:37:18,996 DEBUG core.XpoUtility - Adding XPO type information for customer_ticketpriority
2025-10-22 09:37:18,996 DEBUG core.XpoUtility - Adding XPO type information for customer_ticketstatus
2025-10-22 09:37:18,996 DEBUG core.XpoUtility - Adding XPO type information for customer_tickettype
2025-10-22 09:37:18,996 DEBUG core.XpoUtility - Adding XPO type information for cust_vend_requests
2025-10-22 09:37:18,996 DEBUG core.XpoUtility - Adding XPO type information for daily_finance
2025-10-22 09:37:18,996 DEBUG core.XpoUtility - Adding XPO type information for dashboard
2025-10-22 09:37:18,996 DEBUG core.XpoUtility - Adding XPO type information for dashboardtmp
2025-10-22 09:37:18,996 DEBUG core.XpoUtility - Adding XPO type information for dashboard_header
2025-10-22 09:37:18,997 DEBUG core.XpoUtility - Adding XPO type information for dashboard_snapshot_daily
2025-10-22 09:37:18,997 DEBUG core.XpoUtility - Adding XPO type information for dashboard_snapshot_hist
2025-10-22 09:37:18,997 DEBUG core.XpoUtility - Adding XPO type information for dashboard_thresholds
2025-10-22 09:37:18,997 DEBUG core.XpoUtility - Adding XPO type information for days_off_canned_reasons
2025-10-22 09:37:18,997 DEBUG core.XpoUtility - Adding XPO type information for digitalsignage
2025-10-22 09:37:18,998 DEBUG core.XpoUtility - Adding XPO type information for distribution_group
2025-10-22 09:37:18,998 DEBUG core.XpoUtility - Adding XPO type information for distribution_group_link
2025-10-22 09:37:18,998 DEBUG core.XpoUtility - Adding XPO type information for download
2025-10-22 09:37:18,998 DEBUG core.XpoUtility - Adding XPO type information for downloadcat
2025-10-22 09:37:18,998 DEBUG core.XpoUtility - Adding XPO type information for edit_type
2025-10-22 09:37:18,998 DEBUG core.XpoUtility - Adding XPO type information for emaillog
2025-10-22 09:37:18,998 DEBUG core.XpoUtility - Adding XPO type information for emp_review
2025-10-22 09:37:18,998 DEBUG core.XpoUtility - Adding XPO type information for emp_review_group
2025-10-22 09:37:18,998 DEBUG core.XpoUtility - Adding XPO type information for emp_review_history
2025-10-22 09:37:18,998 DEBUG core.XpoUtility - Adding XPO type information for emp_review_items
2025-10-22 09:37:18,998 DEBUG core.XpoUtility - Adding XPO type information for emp_trm
2025-10-22 09:37:18,998 DEBUG core.XpoUtility - Adding XPO type information for emp_trm_chklist_lnk
2025-10-22 09:37:18,998 DEBUG core.XpoUtility - Adding XPO type information for emp_trm_chklist_opt
2025-10-22 09:37:18,999 DEBUG core.XpoUtility - Adding XPO type information for eritem
2025-10-22 09:37:18,999 DEBUG core.XpoUtility - Adding XPO type information for erjob
2025-10-22 09:37:18,999 DEBUG core.XpoUtility - Adding XPO type information for error
2025-10-22 09:37:18,999 DEBUG core.XpoUtility - Adding XPO type information for error_log
2025-10-22 09:37:18,999 DEBUG core.XpoUtility - Adding XPO type information for er_branch_data
2025-10-22 09:37:18,999 DEBUG core.XpoUtility - Adding XPO type information for er_vendor_data
2025-10-22 09:37:18,999 DEBUG core.XpoUtility - Adding XPO type information for event_table
2025-10-22 09:37:18,999 DEBUG core.XpoUtility - Adding XPO type information for expense_category
2025-10-22 09:37:18,999 DEBUG core.XpoUtility - Adding XPO type information for expense_category_business_unit
2025-10-22 09:37:18,999 DEBUG core.XpoUtility - Adding XPO type information for expense_reimbursement
2025-10-22 09:37:19,001 DEBUG core.XpoUtility - Adding XPO type information for expense_reimbursement_netsuite_xref
2025-10-22 09:37:19,002 DEBUG core.XpoUtility - Adding XPO type information for expense_seller
2025-10-22 09:37:19,002 DEBUG core.XpoUtility - Adding XPO type information for ext_website_credentials
2025-10-22 09:37:19,002 DEBUG core.XpoUtility - Adding XPO type information for failed_login
2025-10-22 09:37:19,002 DEBUG core.XpoUtility - Adding XPO type information for faq
2025-10-22 09:37:19,002 DEBUG core.XpoUtility - Adding XPO type information for faq_section
2025-10-22 09:37:19,003 DEBUG core.XpoUtility - Adding XPO type information for fytarget
2025-10-22 09:37:19,004 DEBUG core.XpoUtility - Adding XPO type information for fytarget_employees
2025-10-22 09:37:19,004 DEBUG core.XpoUtility - Adding XPO type information for gantt_data
2025-10-22 09:37:19,004 DEBUG core.XpoUtility - Adding XPO type information for gltrans
2025-10-22 09:37:19,005 DEBUG core.XpoUtility - Adding XPO type information for gl_chart_of_accounts
2025-10-22 09:37:19,006 DEBUG core.XpoUtility - Adding XPO type information for gl_chart_of_accounts_staging
2025-10-22 09:37:19,007 DEBUG core.XpoUtility - Adding XPO type information for gl_control_accounts
2025-10-22 09:37:19,007 DEBUG core.XpoUtility - Adding XPO type information for gl_group_te
2025-10-22 09:37:19,007 DEBUG core.XpoUtility - Adding XPO type information for gl_note_te
2025-10-22 09:37:19,007 DEBUG core.XpoUtility - Adding XPO type information for gl_special_accounts
2025-10-22 09:37:19,007 DEBUG core.XpoUtility - Adding XPO type information for gl_special_account_te_link
2025-10-22 09:37:19,007 DEBUG core.XpoUtility - Adding XPO type information for gl_subgroup_te
2025-10-22 09:37:19,007 DEBUG core.XpoUtility - Adding XPO type information for gl_te
2025-10-22 09:37:19,008 DEBUG core.XpoUtility - Adding XPO type information for gl_type_mapping
2025-10-22 09:37:19,008 DEBUG core.XpoUtility - Adding XPO type information for graph
2025-10-22 09:37:19,008 DEBUG core.XpoUtility - Adding XPO type information for gridviewlayouts
2025-10-22 09:37:19,008 DEBUG core.XpoUtility - Adding XPO type information for historycust
2025-10-22 09:37:19,008 DEBUG core.XpoUtility - Adding XPO type information for historypo
2025-10-22 09:37:19,008 DEBUG core.XpoUtility - Adding XPO type information for history_action_type
2025-10-22 09:37:19,008 DEBUG core.XpoUtility - Adding XPO type information for holidays
2025-10-22 09:37:19,008 DEBUG core.XpoUtility - Adding XPO type information for huddle
2025-10-22 09:37:19,009 DEBUG core.XpoUtility - Adding XPO type information for huddle_source
2025-10-22 09:37:19,009 DEBUG core.XpoUtility - Adding XPO type information for huddle_task
2025-10-22 09:37:19,009 DEBUG core.XpoUtility - Adding XPO type information for huddle_task_comments
2025-10-22 09:37:19,009 DEBUG core.XpoUtility - Adding XPO type information for huddle_user
2025-10-22 09:37:19,009 DEBUG core.XpoUtility - Adding XPO type information for hu_snapshot
2025-10-22 09:37:19,009 DEBUG core.XpoUtility - Adding XPO type information for inc_stmt_note
2025-10-22 09:37:19,009 DEBUG core.XpoUtility - Adding XPO type information for internal_companyno
2025-10-22 09:37:19,009 DEBUG core.XpoUtility - Adding XPO type information for internal_project
2025-10-22 09:37:19,009 DEBUG core.XpoUtility - Adding XPO type information for invattribute
2025-10-22 09:37:19,009 DEBUG core.XpoUtility - Adding XPO type information for inventory_alternate
2025-10-22 09:37:19,011 DEBUG core.XpoUtility - Adding XPO type information for inventory_annual_counts
2025-10-22 09:37:19,011 DEBUG core.XpoUtility - Adding XPO type information for inventory_annual_counts_history
2025-10-22 09:37:19,011 DEBUG core.XpoUtility - Adding XPO type information for inventory_annual_count_header
2025-10-22 09:37:19,011 DEBUG core.XpoUtility - Adding XPO type information for inventory_attribute
2025-10-22 09:37:19,011 DEBUG core.XpoUtility - Adding XPO type information for inventory_attribute_value
2025-10-22 09:37:19,011 DEBUG core.XpoUtility - Adding XPO type information for inventory_audit
2025-10-22 09:37:19,011 DEBUG core.XpoUtility - Adding XPO type information for inventory_barcode
2025-10-22 09:37:19,011 DEBUG core.XpoUtility - Adding XPO type information for inventory_branch
2025-10-22 09:37:19,011 DEBUG core.XpoUtility - Adding XPO type information for inventory_branch_options
2025-10-22 09:37:19,012 DEBUG core.XpoUtility - Adding XPO type information for inventory_consignment
2025-10-22 09:37:19,012 DEBUG core.XpoUtility - Adding XPO type information for inventory_cost
2025-10-22 09:37:19,012 DEBUG core.XpoUtility - Adding XPO type information for inventory_description
2025-10-22 09:37:19,012 DEBUG core.XpoUtility - Adding XPO type information for inventory_dollar_balance_daily
2025-10-22 09:37:19,012 DEBUG core.XpoUtility - Adding XPO type information for inventory_expiry_period
2025-10-22 09:37:19,012 DEBUG core.XpoUtility - Adding XPO type information for inventory_group_dtl
2025-10-22 09:37:19,012 DEBUG core.XpoUtility - Adding XPO type information for inventory_group_hdr
2025-10-22 09:37:19,012 DEBUG core.XpoUtility - Adding XPO type information for inventory_history
2025-10-22 09:37:19,012 DEBUG core.XpoUtility - Adding XPO type information for inventory_import_stage
2025-10-22 09:37:19,013 DEBUG core.XpoUtility - Adding XPO type information for inventory_incorrect_levels
2025-10-22 09:37:19,013 DEBUG core.XpoUtility - Adding XPO type information for inventory_item_detail
2025-10-22 09:37:19,013 DEBUG core.XpoUtility - Adding XPO type information for inventory_item_master
2025-10-22 09:37:19,013 DEBUG core.XpoUtility - Adding XPO type information for inventory_kit_dtl
2025-10-22 09:37:19,013 DEBUG core.XpoUtility - Adding XPO type information for inventory_kit_hdr
2025-10-22 09:37:19,013 DEBUG core.XpoUtility - Adding XPO type information for inventory_location
2025-10-22 09:37:19,014 DEBUG core.XpoUtility - Adding XPO type information for inventory_location_master
2025-10-22 09:37:19,014 DEBUG core.XpoUtility - Adding XPO type information for inventory_location_type
2025-10-22 09:37:19,014 DEBUG core.XpoUtility - Adding XPO type information for inventory_note
2025-10-22 09:37:19,014 DEBUG core.XpoUtility - Adding XPO type information for inventory_per_unit
2025-10-22 09:37:19,014 DEBUG core.XpoUtility - Adding XPO type information for inventory_picture
2025-10-22 09:37:19,014 DEBUG core.XpoUtility - Adding XPO type information for inventory_price
2025-10-22 09:37:19,014 DEBUG core.XpoUtility - Adding XPO type information for inventory_price_history
2025-10-22 09:37:19,014 DEBUG core.XpoUtility - Adding XPO type information for inventory_reference
2025-10-22 09:37:19,014 DEBUG core.XpoUtility - Adding XPO type information for inventory_referencetype
2025-10-22 09:37:19,014 DEBUG core.XpoUtility - Adding XPO type information for inventory_sellprice
2025-10-22 09:37:19,014 DEBUG core.XpoUtility - Adding XPO type information for inventory_sellprice_history
2025-10-22 09:37:19,015 DEBUG core.XpoUtility - Adding XPO type information for inventory_sold_as
2025-10-22 09:37:19,015 DEBUG core.XpoUtility - Adding XPO type information for inventory_tag
2025-10-22 09:37:19,015 DEBUG core.XpoUtility - Adding XPO type information for inventory_tag_link
2025-10-22 09:37:19,015 DEBUG core.XpoUtility - Adding XPO type information for inventory_tag_preset
2025-10-22 09:37:19,015 DEBUG core.XpoUtility - Adding XPO type information for inventory_tag_tradename
2025-10-22 09:37:19,015 DEBUG core.XpoUtility - Adding XPO type information for inventory_tax
2025-10-22 09:37:19,015 DEBUG core.XpoUtility - Adding XPO type information for inventory_usage
2025-10-22 09:37:19,015 DEBUG core.XpoUtility - Adding XPO type information for inventory_usage_copy
2025-10-22 09:37:19,015 DEBUG core.XpoUtility - Adding XPO type information for invoice_collection_status
2025-10-22 09:37:19,015 DEBUG core.XpoUtility - Adding XPO type information for invoice_service_email_report_history
2025-10-22 09:37:19,015 DEBUG core.XpoUtility - Adding XPO type information for journal_entry
2025-10-22 09:37:19,015 DEBUG core.XpoUtility - Adding XPO type information for journal_entry_line
2025-10-22 09:37:19,016 DEBUG core.XpoUtility - Adding XPO type information for leavetype
2025-10-22 09:37:19,016 DEBUG core.XpoUtility - Adding XPO type information for log
2025-10-22 09:37:19,016 DEBUG core.XpoUtility - Adding XPO type information for logging_agent_error_log
2025-10-22 09:37:19,016 DEBUG core.XpoUtility - Adding XPO type information for log_action
2025-10-22 09:37:19,016 DEBUG core.XpoUtility - Adding XPO type information for log_page
2025-10-22 09:37:19,016 DEBUG core.XpoUtility - Adding XPO type information for log_page_asax
2025-10-22 09:37:19,016 DEBUG core.XpoUtility - Adding XPO type information for log_section
2025-10-22 09:37:19,016 DEBUG core.XpoUtility - Adding XPO type information for manufacturer
2025-10-22 09:37:19,016 DEBUG core.XpoUtility - Adding XPO type information for manufacturervendor
2025-10-22 09:37:19,016 DEBUG core.XpoUtility - Adding XPO type information for markup_formula
2025-10-22 09:37:19,016 DEBUG core.XpoUtility - Adding XPO type information for master_skills
2025-10-22 09:37:19,017 DEBUG core.XpoUtility - Adding XPO type information for master_skill_review_questions
2025-10-22 09:37:19,017 DEBUG core.XpoUtility - Adding XPO type information for matt
2025-10-22 09:37:19,017 DEBUG core.XpoUtility - Adding XPO type information for member
2025-10-22 09:37:19,022 DEBUG core.XpoUtility - Adding XPO type information for memberaddressaudit
2025-10-22 09:37:19,023 DEBUG core.XpoUtility - Adding XPO type information for memberdaysoff
2025-10-22 09:37:19,023 DEBUG core.XpoUtility - Adding XPO type information for memberdaysoffack
2025-10-22 09:37:19,023 DEBUG core.XpoUtility - Adding XPO type information for memberdivision
2025-10-22 09:37:19,023 DEBUG core.XpoUtility - Adding XPO type information for membergraph
2025-10-22 09:37:19,023 DEBUG core.XpoUtility - Adding XPO type information for membernote
2025-10-22 09:37:19,023 DEBUG core.XpoUtility - Adding XPO type information for memberoffer_cr
2025-10-22 09:37:19,023 DEBUG core.XpoUtility - Adding XPO type information for memberoffer_milestones
2025-10-22 09:37:19,024 DEBUG core.XpoUtility - Adding XPO type information for memberpage
2025-10-22 09:37:19,024 DEBUG core.XpoUtility - Adding XPO type information for memberpageprivilege
2025-10-22 09:37:19,024 DEBUG core.XpoUtility - Adding XPO type information for membertime
2025-10-22 09:37:19,024 DEBUG core.XpoUtility - Adding XPO type information for membertimeaudit
2025-10-22 09:37:19,024 DEBUG core.XpoUtility - Adding XPO type information for membertime_netsuite_xref
2025-10-22 09:37:19,025 DEBUG core.XpoUtility - Adding XPO type information for membertime_projecttask
2025-10-22 09:37:19,025 DEBUG core.XpoUtility - Adding XPO type information for membertime_projecttask_netsuite_xref
2025-10-22 09:37:19,025 DEBUG core.XpoUtility - Adding XPO type information for membertime_shop_link
2025-10-22 09:37:19,025 DEBUG core.XpoUtility - Adding XPO type information for membertime_shop_type
2025-10-22 09:37:19,025 DEBUG core.XpoUtility - Adding XPO type information for membertime_tags
2025-10-22 09:37:19,025 DEBUG core.XpoUtility - Adding XPO type information for membertime_ts_lite_paytypes
2025-10-22 09:37:19,025 DEBUG core.XpoUtility - Adding XPO type information for membertime_type
2025-10-22 09:37:19,025 DEBUG core.XpoUtility - Adding XPO type information for membertime_type_gl_link
2025-10-22 09:37:19,026 DEBUG core.XpoUtility - Adding XPO type information for membertype
2025-10-22 09:37:19,026 DEBUG core.XpoUtility - Adding XPO type information for membertypehours
2025-10-22 09:37:19,027 DEBUG core.XpoUtility - Adding XPO type information for membertypepage
2025-10-22 09:37:19,027 DEBUG core.XpoUtility - Adding XPO type information for membertypepageprivilege
2025-10-22 09:37:19,027 DEBUG core.XpoUtility - Adding XPO type information for membertype_auto_reports
2025-10-22 09:37:19,027 DEBUG core.XpoUtility - Adding XPO type information for membertype_chargeout
2025-10-22 09:37:19,027 DEBUG core.XpoUtility - Adding XPO type information for membertype_chargeout_back
2025-10-22 09:37:19,027 DEBUG core.XpoUtility - Adding XPO type information for membertype_chargeout_history
2025-10-22 09:37:19,027 DEBUG core.XpoUtility - Adding XPO type information for membertype_classification
2025-10-22 09:37:19,029 DEBUG core.XpoUtility - Adding XPO type information for membertype_responsibilities
2025-10-22 09:37:19,029 DEBUG core.XpoUtility - Adding XPO type information for memberwage
2025-10-22 09:37:19,029 DEBUG core.XpoUtility - Adding XPO type information for memberx
2025-10-22 09:37:19,030 DEBUG core.XpoUtility - Adding XPO type information for member_apprentice_level
2025-10-22 09:37:19,030 DEBUG core.XpoUtility - Adding XPO type information for member_certificates
2025-10-22 09:37:19,030 DEBUG core.XpoUtility - Adding XPO type information for member_fvr_dtl
2025-10-22 09:37:19,030 DEBUG core.XpoUtility - Adding XPO type information for member_fvr_hdr
2025-10-22 09:37:19,031 DEBUG core.XpoUtility - Adding XPO type information for member_fvr_history
2025-10-22 09:37:19,031 DEBUG core.XpoUtility - Adding XPO type information for member_fvr_status
2025-10-22 09:37:19,031 DEBUG core.XpoUtility - Adding XPO type information for member_fvr_tab
2025-10-22 09:37:19,031 DEBUG core.XpoUtility - Adding XPO type information for member_fvr_template_detail
2025-10-22 09:37:19,031 DEBUG core.XpoUtility - Adding XPO type information for member_fvr_template_header
2025-10-22 09:37:19,031 DEBUG core.XpoUtility - Adding XPO type information for member_hrstatus
2025-10-22 09:37:19,031 DEBUG core.XpoUtility - Adding XPO type information for member_import_stage
2025-10-22 09:37:19,031 DEBUG core.XpoUtility - Adding XPO type information for member_i_template
2025-10-22 09:37:19,031 DEBUG core.XpoUtility - Adding XPO type information for member_netsuite_xref
2025-10-22 09:37:19,032 DEBUG core.XpoUtility - Adding XPO type information for member_offers
2025-10-22 09:37:19,032 DEBUG core.XpoUtility - Adding XPO type information for member_offers_prod
2025-10-22 09:37:19,032 DEBUG core.XpoUtility - Adding XPO type information for member_offers_uat
2025-10-22 09:37:19,033 DEBUG core.XpoUtility - Adding XPO type information for member_paytype
2025-10-22 09:37:19,033 DEBUG core.XpoUtility - Adding XPO type information for member_skills
2025-10-22 09:37:19,033 DEBUG core.XpoUtility - Adding XPO type information for member_task_cc
2025-10-22 09:37:19,033 DEBUG core.XpoUtility - Adding XPO type information for member_temp
2025-10-22 09:37:19,033 DEBUG core.XpoUtility - Adding XPO type information for member_tile
2025-10-22 09:37:19,033 DEBUG core.XpoUtility - Adding XPO type information for member_tile_type
2025-10-22 09:37:19,033 DEBUG core.XpoUtility - Adding XPO type information for member_tile_type_link
2025-10-22 09:37:19,033 DEBUG core.XpoUtility - Adding XPO type information for member_timesheet_accuracy
2025-10-22 09:37:19,033 DEBUG core.XpoUtility - Adding XPO type information for member_todo_list_helper
2025-10-22 09:37:19,034 DEBUG core.XpoUtility - Adding XPO type information for message
2025-10-22 09:37:19,034 DEBUG core.XpoUtility - Adding XPO type information for messageboard_chat
2025-10-22 09:37:19,034 DEBUG core.XpoUtility - Adding XPO type information for messageto
2025-10-22 09:37:19,034 DEBUG core.XpoUtility - Adding XPO type information for messagetype
2025-10-22 09:37:19,034 DEBUG core.XpoUtility - Adding XPO type information for migration_expense_category_for_po
2025-10-22 09:37:19,034 DEBUG core.XpoUtility - Adding XPO type information for n2_profile_category
2025-10-22 09:37:19,034 DEBUG core.XpoUtility - Adding XPO type information for n2_profile_property
2025-10-22 09:37:19,034 DEBUG core.XpoUtility - Adding XPO type information for n2_user_profile
2025-10-22 09:37:19,034 DEBUG core.XpoUtility - Adding XPO type information for nesi_conversion_table
2025-10-22 09:37:19,035 DEBUG core.XpoUtility - Adding XPO type information for netsuite_queue
2025-10-22 09:37:19,035 DEBUG core.XpoUtility - Adding XPO type information for netsuite_sync_error
2025-10-22 09:37:19,035 DEBUG core.XpoUtility - Adding XPO type information for new_milestone
2025-10-22 09:37:19,035 DEBUG core.XpoUtility - Adding XPO type information for ne_file_revision
2025-10-22 09:37:19,035 DEBUG core.XpoUtility - Adding XPO type information for ne_session
2025-10-22 09:37:19,035 DEBUG core.XpoUtility - Adding XPO type information for note_templates
2025-10-22 09:37:19,035 DEBUG core.XpoUtility - Adding XPO type information for oncall_schedule
2025-10-22 09:37:19,035 DEBUG core.XpoUtility - Adding XPO type information for ownership
2025-10-22 09:37:19,035 DEBUG core.XpoUtility - Adding XPO type information for page
2025-10-22 09:37:19,037 DEBUG core.XpoUtility - Adding XPO type information for pageprivilege
2025-10-22 09:37:19,037 DEBUG core.XpoUtility - Adding XPO type information for pageprivilege_template
2025-10-22 09:37:19,037 DEBUG core.XpoUtility - Adding XPO type information for pageprivilege_template_item
2025-10-22 09:37:19,037 DEBUG core.XpoUtility - Adding XPO type information for page_related
2025-10-22 09:37:19,037 DEBUG core.XpoUtility - Adding XPO type information for page_wiki
2025-10-22 09:37:19,037 DEBUG core.XpoUtility - Adding XPO type information for partner_skills
2025-10-22 09:37:19,037 DEBUG core.XpoUtility - Adding XPO type information for part_request
2025-10-22 09:37:19,037 DEBUG core.XpoUtility - Adding XPO type information for part_request_history
2025-10-22 09:37:19,037 DEBUG core.XpoUtility - Adding XPO type information for part_request_origin
2025-10-22 09:37:19,037 DEBUG core.XpoUtility - Adding XPO type information for part_request_statuslist
2025-10-22 09:37:19,037 DEBUG core.XpoUtility - Adding XPO type information for passport
2025-10-22 09:37:19,038 DEBUG core.XpoUtility - Adding XPO type information for payperiods
2025-10-22 09:37:19,038 DEBUG core.XpoUtility - Adding XPO type information for payperiod_tax_entity
2025-10-22 09:37:19,038 DEBUG core.XpoUtility - Adding XPO type information for payroll
2025-10-22 09:37:19,038 DEBUG core.XpoUtility - Adding XPO type information for payroll_entry_types
2025-10-22 09:37:19,038 DEBUG core.XpoUtility - Adding XPO type information for payroll_extra_payments
2025-10-22 09:37:19,038 DEBUG core.XpoUtility - Adding XPO type information for payroll_hours
2025-10-22 09:37:19,039 DEBUG core.XpoUtility - Adding XPO type information for payroll_progress
2025-10-22 09:37:19,039 DEBUG core.XpoUtility - Adding XPO type information for paytypehours
2025-10-22 09:37:19,039 DEBUG core.XpoUtility - Adding XPO type information for phone_log
2025-10-22 09:37:19,039 DEBUG core.XpoUtility - Adding XPO type information for phone_numbers
2025-10-22 09:37:19,039 DEBUG core.XpoUtility - Adding XPO type information for poprogcomment
2025-10-22 09:37:19,039 DEBUG core.XpoUtility - Adding XPO type information for poprogstatus
2025-10-22 09:37:19,039 DEBUG core.XpoUtility - Adding XPO type information for poprog_cc
2025-10-22 09:37:19,040 DEBUG core.XpoUtility - Adding XPO type information for poprog_header
2025-10-22 09:37:19,041 DEBUG core.XpoUtility - Adding XPO type information for poprog_notes
2025-10-22 09:37:19,041 DEBUG core.XpoUtility - Adding XPO type information for poprog_part_history
2025-10-22 09:37:19,042 DEBUG core.XpoUtility - Adding XPO type information for poprog_payment_method
2025-10-22 09:37:19,042 DEBUG core.XpoUtility - Adding XPO type information for poprog_scans
2025-10-22 09:37:19,042 DEBUG core.XpoUtility - Adding XPO type information for poprog_shipping
2025-10-22 09:37:19,042 DEBUG core.XpoUtility - Adding XPO type information for poprog_status
2025-10-22 09:37:19,042 DEBUG core.XpoUtility - Adding XPO type information for po_details_current
2025-10-22 09:37:19,042 DEBUG core.XpoUtility - Adding XPO type information for po_gl_acct
2025-10-22 09:37:19,043 DEBUG core.XpoUtility - Adding XPO type information for po_import_stage
2025-10-22 09:37:19,043 DEBUG core.XpoUtility - Adding XPO type information for po_line_import_stage
2025-10-22 09:37:19,043 DEBUG core.XpoUtility - Adding XPO type information for privilege
2025-10-22 09:37:19,044 DEBUG core.XpoUtility - Adding XPO type information for privilege_detail
2025-10-22 09:37:19,045 DEBUG core.XpoUtility - Adding XPO type information for privilege_global
2025-10-22 09:37:19,045 DEBUG core.XpoUtility - Adding XPO type information for privilege_global_link
2025-10-22 09:37:19,045 DEBUG core.XpoUtility - Adding XPO type information for privilege_global_link_type
2025-10-22 09:37:19,045 DEBUG core.XpoUtility - Adding XPO type information for progress_billings
2025-10-22 09:37:19,045 DEBUG core.XpoUtility - Adding XPO type information for properties
2025-10-22 09:37:19,045 DEBUG core.XpoUtility - Adding XPO type information for prov
2025-10-22 09:37:19,045 DEBUG core.XpoUtility - Adding XPO type information for qualifications
2025-10-22 09:37:19,045 DEBUG core.XpoUtility - Adding XPO type information for quick_extensions
2025-10-22 09:37:19,045 DEBUG core.XpoUtility - Adding XPO type information for quote_canned_description
2025-10-22 09:37:19,045 DEBUG core.XpoUtility - Adding XPO type information for quote_chance
2025-10-22 09:37:19,045 DEBUG core.XpoUtility - Adding XPO type information for quote_competitor
2025-10-22 09:37:19,045 DEBUG core.XpoUtility - Adding XPO type information for quote_cust_notes
2025-10-22 09:37:19,046 DEBUG core.XpoUtility - Adding XPO type information for quote_extratext
2025-10-22 09:37:19,046 DEBUG core.XpoUtility - Adding XPO type information for quote_field_title
2025-10-22 09:37:19,046 DEBUG core.XpoUtility - Adding XPO type information for quote_filter
2025-10-22 09:37:19,046 DEBUG core.XpoUtility - Adding XPO type information for quote_filter_questions
2025-10-22 09:37:19,046 DEBUG core.XpoUtility - Adding XPO type information for quote_follow_up
2025-10-22 09:37:19,046 DEBUG core.XpoUtility - Adding XPO type information for quote_history
2025-10-22 09:37:19,046 DEBUG core.XpoUtility - Adding XPO type information for quote_kill_reason
2025-10-22 09:37:19,046 DEBUG core.XpoUtility - Adding XPO type information for quote_kill_reason_map
2025-10-22 09:37:19,046 DEBUG core.XpoUtility - Adding XPO type information for quote_kill_tier
2025-10-22 09:37:19,047 DEBUG core.XpoUtility - Adding XPO type information for quote_master
2025-10-22 09:37:19,048 DEBUG core.XpoUtility - Adding XPO type information for quote_post_mortem
2025-10-22 09:37:19,048 DEBUG core.XpoUtility - Adding XPO type information for quote_post_mortem_questions
2025-10-22 09:37:19,048 DEBUG core.XpoUtility - Adding XPO type information for quote_pricetype
2025-10-22 09:37:19,048 DEBUG core.XpoUtility - Adding XPO type information for quote_process_questions
2025-10-22 09:37:19,048 DEBUG core.XpoUtility - Adding XPO type information for quote_process_question_history
2025-10-22 09:37:19,048 DEBUG core.XpoUtility - Adding XPO type information for quote_received_reason
2025-10-22 09:37:19,048 DEBUG core.XpoUtility - Adding XPO type information for quote_received_reason_map
2025-10-22 09:37:19,048 DEBUG core.XpoUtility - Adding XPO type information for quote_schedule
2025-10-22 09:37:19,049 DEBUG core.XpoUtility - Adding XPO type information for quote_section
2025-10-22 09:37:19,049 DEBUG core.XpoUtility - Adding XPO type information for quote_status
2025-10-22 09:37:19,049 DEBUG core.XpoUtility - Adding XPO type information for quote_term
2025-10-22 09:37:19,049 DEBUG core.XpoUtility - Adding XPO type information for quote_worksheet
2025-10-22 09:37:19,049 DEBUG core.XpoUtility - Adding XPO type information for quote_worksheet_current_cost
2025-10-22 09:37:19,049 DEBUG core.XpoUtility - Adding XPO type information for rd
2025-10-22 09:37:19,050 DEBUG core.XpoUtility - Adding XPO type information for releases
2025-10-22 09:37:19,050 DEBUG core.XpoUtility - Adding XPO type information for rental_equipment
2025-10-22 09:37:19,050 DEBUG core.XpoUtility - Adding XPO type information for rental_equipment_category
2025-10-22 09:37:19,050 DEBUG core.XpoUtility - Adding XPO type information for report
2025-10-22 09:37:19,050 DEBUG core.XpoUtility - Adding XPO type information for reports_to_helper
2025-10-22 09:37:19,050 DEBUG core.XpoUtility - Adding XPO type information for revenue_line
2025-10-22 09:37:19,050 DEBUG core.XpoUtility - Adding XPO type information for revenue_line_business_unit
2025-10-22 09:37:19,050 DEBUG core.XpoUtility - Adding XPO type information for rfq_header
2025-10-22 09:37:19,050 DEBUG core.XpoUtility - Adding XPO type information for rfq_lineitem
2025-10-22 09:37:19,050 DEBUG core.XpoUtility - Adding XPO type information for rfq_part_list
2025-10-22 09:37:19,050 DEBUG core.XpoUtility - Adding XPO type information for rfq_vendor_list
2025-10-22 09:37:19,051 DEBUG core.XpoUtility - Adding XPO type information for rss_feed
2025-10-22 09:37:19,051 DEBUG core.XpoUtility - Adding XPO type information for r_engine_category
2025-10-22 09:37:19,051 DEBUG core.XpoUtility - Adding XPO type information for r_engine_permission
2025-10-22 09:37:19,051 DEBUG core.XpoUtility - Adding XPO type information for r_engine_report
2025-10-22 09:37:19,051 DEBUG core.XpoUtility - Adding XPO type information for salesperson
2025-10-22 09:37:19,051 DEBUG core.XpoUtility - Adding XPO type information for section
2025-10-22 09:37:19,051 DEBUG core.XpoUtility - Adding XPO type information for session
2025-10-22 09:37:19,051 DEBUG core.XpoUtility - Adding XPO type information for session_collection
2025-10-22 09:37:19,051 DEBUG core.XpoUtility - Adding XPO type information for ship
2025-10-22 09:37:19,051 DEBUG core.XpoUtility - Adding XPO type information for shopping_cart
2025-10-22 09:37:19,051 DEBUG core.XpoUtility - Adding XPO type information for shopping_cart_header
2025-10-22 09:37:19,051 DEBUG core.XpoUtility - Adding XPO type information for signature
2025-10-22 09:37:19,052 DEBUG core.XpoUtility - Adding XPO type information for specific_notes
2025-10-22 09:37:19,052 DEBUG core.XpoUtility - Adding XPO type information for stbb_bymonth
2025-10-22 09:37:19,052 DEBUG core.XpoUtility - Adding XPO type information for stock_transfer
2025-10-22 09:37:19,052 DEBUG core.XpoUtility - Adding XPO type information for stock_transfer_type
2025-10-22 09:37:19,052 DEBUG core.XpoUtility - Adding XPO type information for suggestion
2025-10-22 09:37:19,052 DEBUG core.XpoUtility - Adding XPO type information for target
2025-10-22 09:37:19,052 DEBUG core.XpoUtility - Adding XPO type information for target_type
2025-10-22 09:37:19,052 DEBUG core.XpoUtility - Adding XPO type information for task
2025-10-22 09:37:19,053 DEBUG core.XpoUtility - Adding XPO type information for task_history
2025-10-22 09:37:19,053 DEBUG core.XpoUtility - Adding XPO type information for task_member
2025-10-22 09:37:19,053 DEBUG core.XpoUtility - Adding XPO type information for task_status
2025-10-22 09:37:19,053 DEBUG core.XpoUtility - Adding XPO type information for tax
2025-10-22 09:37:19,053 DEBUG core.XpoUtility - Adding XPO type information for tax_entity
2025-10-22 09:37:19,053 DEBUG core.XpoUtility - Adding XPO type information for tax_entity_group
2025-10-22 09:37:19,053 DEBUG core.XpoUtility - Adding XPO type information for tax_entity_group_link
2025-10-22 09:37:19,054 DEBUG core.XpoUtility - Adding XPO type information for tax_entity_hiearchy
2025-10-22 09:37:19,054 DEBUG core.XpoUtility - Adding XPO type information for tax_entity_hierarchy
2025-10-22 09:37:19,054 DEBUG core.XpoUtility - Adding XPO type information for term
2025-10-22 09:37:19,054 DEBUG core.XpoUtility - Adding XPO type information for territory_mapping
2025-10-22 09:37:19,054 DEBUG core.XpoUtility - Adding XPO type information for ticketheader
2025-10-22 09:37:19,054 DEBUG core.XpoUtility - Adding XPO type information for ticketissues
2025-10-22 09:37:19,054 DEBUG core.XpoUtility - Adding XPO type information for ticketmanager
2025-10-22 09:37:19,054 DEBUG core.XpoUtility - Adding XPO type information for ticketpage
2025-10-22 09:37:19,054 DEBUG core.XpoUtility - Adding XPO type information for ticketpriority
2025-10-22 09:37:19,054 DEBUG core.XpoUtility - Adding XPO type information for ticketstatus
2025-10-22 09:37:19,054 DEBUG core.XpoUtility - Adding XPO type information for tickettype
2025-10-22 09:37:19,055 DEBUG core.XpoUtility - Adding XPO type information for ticket_files
2025-10-22 09:37:19,055 DEBUG core.XpoUtility - Adding XPO type information for ticket_group
2025-10-22 09:37:19,055 DEBUG core.XpoUtility - Adding XPO type information for ticket_group_type_link
2025-10-22 09:37:19,055 DEBUG core.XpoUtility - Adding XPO type information for ticket_memberview
2025-10-22 09:37:19,055 DEBUG core.XpoUtility - Adding XPO type information for ticket_tasks
2025-10-22 09:37:19,055 DEBUG core.XpoUtility - Adding XPO type information for ticket_team
2025-10-22 09:37:19,055 DEBUG core.XpoUtility - Adding XPO type information for ticket_team_memberid
2025-10-22 09:37:19,055 DEBUG core.XpoUtility - Adding XPO type information for ticket_vote
2025-10-22 09:37:19,055 DEBUG core.XpoUtility - Adding XPO type information for titles
2025-10-22 09:37:19,055 DEBUG core.XpoUtility - Adding XPO type information for tmp_woprog
2025-10-22 09:37:19,056 DEBUG core.XpoUtility - Adding XPO type information for training_curriculum
2025-10-22 09:37:19,056 DEBUG core.XpoUtility - Adding XPO type information for training_header
2025-10-22 09:37:19,056 DEBUG core.XpoUtility - Adding XPO type information for training_header_history
2025-10-22 09:37:19,056 DEBUG core.XpoUtility - Adding XPO type information for training_history
2025-10-22 09:37:19,057 DEBUG core.XpoUtility - Adding XPO type information for training_module
2025-10-22 09:37:19,057 DEBUG core.XpoUtility - Adding XPO type information for training_schedule
2025-10-22 09:37:19,057 DEBUG core.XpoUtility - Adding XPO type information for training_type
2025-10-22 09:37:19,057 DEBUG core.XpoUtility - Adding XPO type information for truck_history
2025-10-22 09:37:19,057 DEBUG core.XpoUtility - Adding XPO type information for user_switch
2025-10-22 09:37:19,057 DEBUG core.XpoUtility - Adding XPO type information for vacation_log
2025-10-22 09:37:19,057 DEBUG core.XpoUtility - Adding XPO type information for vacation_master
2025-10-22 09:37:19,057 DEBUG core.XpoUtility - Adding XPO type information for vacation_note
2025-10-22 09:37:19,057 DEBUG core.XpoUtility - Adding XPO type information for vacation_payment_method
2025-10-22 09:37:19,057 DEBUG core.XpoUtility - Adding XPO type information for vacation_status
2025-10-22 09:37:19,057 DEBUG core.XpoUtility - Adding XPO type information for vacation_transactions
2025-10-22 09:37:19,057 DEBUG core.XpoUtility - Adding XPO type information for vacation_type
2025-10-22 09:37:19,057 DEBUG core.XpoUtility - Adding XPO type information for vendor
2025-10-22 09:37:19,058 DEBUG core.XpoUtility - Adding XPO type information for vendor_business_unit
2025-10-22 09:37:19,058 DEBUG core.XpoUtility - Adding XPO type information for vendor_documents
2025-10-22 09:37:19,058 DEBUG core.XpoUtility - Adding XPO type information for vendor_merge_history
2025-10-22 09:37:19,058 DEBUG core.XpoUtility - Adding XPO type information for vendor_netsuite_map
2025-10-22 09:37:19,058 DEBUG core.XpoUtility - Adding XPO type information for video
2025-10-22 09:37:19,058 DEBUG core.XpoUtility - Adding XPO type information for video_category
2025-10-22 09:37:19,058 DEBUG core.XpoUtility - Adding XPO type information for video_page_lnk
2025-10-22 09:37:19,058 DEBUG core.XpoUtility - Adding XPO type information for video_privilege
2025-10-22 09:37:19,058 DEBUG core.XpoUtility - Adding XPO type information for video_watch_history
2025-10-22 09:37:19,058 DEBUG core.XpoUtility - Adding XPO type information for visible_business_units
2025-10-22 09:37:19,058 DEBUG core.XpoUtility - Adding XPO type information for watch
2025-10-22 09:37:19,058 DEBUG core.XpoUtility - Adding XPO type information for watch_wo_costs_sells_log
2025-10-22 09:37:19,058 DEBUG core.XpoUtility - Adding XPO type information for who_to_ask
2025-10-22 09:37:19,058 DEBUG core.XpoUtility - Adding XPO type information for wocomment
2025-10-22 09:37:19,058 DEBUG core.XpoUtility - Adding XPO type information for wodetailh_temp
2025-10-22 09:37:19,059 DEBUG core.XpoUtility - Adding XPO type information for woprog
2025-10-22 09:37:19,060 DEBUG core.XpoUtility - Adding XPO type information for woprogchanges
2025-10-22 09:37:19,060 DEBUG core.XpoUtility - Adding XPO type information for woprogchanges_snapshot
2025-10-22 09:37:19,060 DEBUG core.XpoUtility - Adding XPO type information for woprogcomment
2025-10-22 09:37:19,060 DEBUG core.XpoUtility - Adding XPO type information for woprogstatus
2025-10-22 09:37:19,060 DEBUG core.XpoUtility - Adding XPO type information for woprog_asset
2025-10-22 09:37:19,060 DEBUG core.XpoUtility - Adding XPO type information for woprog_invoice_text
2025-10-22 09:37:19,060 DEBUG core.XpoUtility - Adding XPO type information for woprog_jobtag
2025-10-22 09:37:19,060 DEBUG core.XpoUtility - Adding XPO type information for woprog_project_notes
2025-10-22 09:37:19,060 DEBUG core.XpoUtility - Adding XPO type information for woprog_scheduler
2025-10-22 09:37:19,060 DEBUG core.XpoUtility - Adding XPO type information for woprog_status
2025-10-22 09:37:19,060 DEBUG core.XpoUtility - Adding XPO type information for woprog_tasks
2025-10-22 09:37:19,061 DEBUG core.XpoUtility - Adding XPO type information for wo_associated
2025-10-22 09:37:19,061 DEBUG core.XpoUtility - Adding XPO type information for wo_checklist
2025-10-22 09:37:19,061 DEBUG core.XpoUtility - Adding XPO type information for wo_checklist_history
2025-10-22 09:37:19,061 DEBUG core.XpoUtility - Adding XPO type information for wo_detail_current
2025-10-22 09:37:19,061 DEBUG core.XpoUtility - Adding XPO type information for wo_detail_current_audit
2025-10-22 09:37:19,061 DEBUG core.XpoUtility - Adding XPO type information for wo_detail_history
2025-10-22 09:37:19,062 DEBUG core.XpoUtility - Adding XPO type information for wo_detail_lineitem_billtype
2025-10-22 09:37:19,062 DEBUG core.XpoUtility - Adding XPO type information for wo_freeze
2025-10-22 09:37:19,062 DEBUG core.XpoUtility - Adding XPO type information for wo_import_stage
2025-10-22 09:37:19,062 DEBUG core.XpoUtility - Adding XPO type information for wo_lag
2025-10-22 09:37:19,062 DEBUG core.XpoUtility - Adding XPO type information for wo_line_import_stage
2025-10-22 09:37:19,063 DEBUG core.XpoUtility - Adding XPO type information for wo_survey
